method,policy,fold_id,condition,evidence_role,heldout_pair_f1,overall_pair_f1,seen_pair_f1,presence_f1,presence_ap,oracle_stage2_f1,aspect_threshold,runner_up_threshold,selected_review_aspects,two_sentiment_instances
tfidf,review_filtered,l2-a01,D,paired_local_policy_replay,0.23728813559322035,0.30985915492957744,0.31427099433281813,0.5087719298245614,0.4218787842579255,0.43529411764705883,0.586968601391,0.35244339578,2075,185
tfidf,review_filtered,l2-a01,N,paired_local_policy_replay,0.1761006289308176,0.3088344469190794,0.31427099433281813,0.36129032258064514,0.26365157272263884,0.44339622641509435,0.586968601391,0.35244339578,2002,181
tfidf,review_filtered,l2-a02,D,paired_local_policy_replay,0.18181818181818182,0.3359160209947513,0.3434714210802307,0.21390374331550802,0.1829992238157141,0.7861271676300579,0.571938326188,0.900396467719,2136,7
tfidf,review_filtered,l2-a02,N,paired_local_policy_replay,0.08928571428571429,0.33622007131940906,0.3434714210802307,0.125,0.1767714305270695,0.5433526011560693,0.571938326188,0.900396467719,2061,7
tfidf,review_filtered,l2-a03,D,paired_local_policy_replay,0.1736111111111111,0.32716219950262504,0.35622740716398293,0.2743055555555556,0.4161873942306514,0.6184538653366584,0.633461757211,0.96,1758,3
tfidf,review_filtered,l2-a03,N,paired_local_policy_replay,0.06407322654462243,0.3195402298850575,0.35622740716398293,0.10526315789473684,0.4034998298531877,0.6184538653366584,0.633461757211,0.96,1619,3
tfidf,review_filtered,l2-a04,D,paired_local_policy_replay,0.18181818181818182,0.3371949716539315,0.3410813542193027,0.3434343434343434,0.6667700223670308,0.6363636363636364,0.564465016701,0.91,2193,6
tfidf,review_filtered,l2-a04,N,paired_local_policy_replay,0.28125,0.34012928891098954,0.3410813542193027,0.53125,0.6938685660326183,0.6363636363636364,0.564465016701,0.91,2158,6
tfidf,review_filtered,l2-a05,D,paired_local_policy_replay,0.3861003861003861,0.33883058470764615,0.3355597114613946,0.4549019607843137,0.4062459272729378,0.7899159663865546,0.564875427074,0.670279010584,2101,43
tfidf,review_filtered,l2-a05,N,paired_local_policy_replay,0.04580152671755725,0.32576148683531236,0.3355597114613946,0.061068702290076333,0.17019577679668227,0.7899159663865546,0.564875427074,0.670279010584,1977,39
tfidf,review_filtered,l2-a06,D,paired_local_policy_replay,0.4867469879518072,0.33784487246225925,0.2968127490039841,0.7536585365853659,0.840430459657579,0.6181434599156118,0.64652170784,0.871120635737,1971,13
tfidf,review_filtered,l2-a06,N,paired_local_policy_replay,0.47858942065491183,0.3347346295323174,0.2968127490039841,0.7448979591836735,0.8512262348102027,0.6413502109704642,0.64652170784,0.871120635737,1935,13
tfidf,review_filtered,l2-a07,D,paired_local_policy_replay,0.48956884561891517,0.34338863750628457,0.3111383860079779,0.617816091954023,0.6327413447214341,0.7547169811320755,0.612628446647,0.383807362968,1869,251
tfidf,review_filtered,l2-a07,N,paired_local_policy_replay,0.4161073825503356,0.32736705577172504,0.3111383860079779,0.5043177892918825,0.5952411627619782,0.7496382054992764,0.612628446647,0.383807362968,1752,245
tfidf,review_filtered,l2-a08,D,paired_local_policy_replay,0.32989690721649484,0.33275734386571215,0.3329012185636505,0.44559585492227977,0.4791105017995437,0.6666666666666666,0.587115952326,0.910090307194,2184,9
tfidf,review_filtered,l2-a08,N,paired_local_policy_replay,0.1232876712328767,0.3252560579565326,0.3329012185636505,0.1793103448275862,0.2903851956792412,0.6666666666666666,0.587115952326,0.910090307194,2136,9
tfidf,review_filtered,l2-a09,D,paired_local_policy_replay,0.07741935483870968,0.3374505928853755,0.3478037503210891,0.174496644295302,0.6593457411106931,0.46153846153846156,0.585711313066,0.674242815627,2139,51
tfidf,review_filtered,l2-a09,N,paired_local_policy_replay,0.2127659574468085,0.3461928934010152,0.3478037503210891,0.46808510638297873,0.7623197835421942,0.46153846153846156,0.585711313066,0.674242815627,2037,45
tfidf,review_filtered,l2-a10,D,paired_local_policy_replay,0.14173228346456693,0.3403193612774451,0.346817830456068,0.2677165354330709,0.4164998606640947,0.5555555555555556,0.570535175146,0.905285008161,2144,6
tfidf,review_filtered,l2-a10,N,paired_local_policy_replay,0.1111111111111111,0.34252466481153554,0.346817830456068,0.25,0.14809759584790735,0.5555555555555556,0.570535175146,0.905285008161,2089,6
tfidf,review_filtered,l2-a11,D,paired_local_policy_replay,0.328125,0.3371813371813372,0.337468982630273,0.453125,0.4774583099726458,0.6470588235294118,0.546155526882,0.904551366613,2293,7
tfidf,review_filtered,l2-a11,N,paired_local_policy_replay,0.21686746987951808,0.3350352540724532,0.337468982630273,0.26506024096385544,0.25638733856070856,0.6470588235294118,0.546155526882,0.904551366613,2248,7
tfidf,review_filtered,l2-a12,D,paired_local_policy_replay,0.3128834355828221,0.33764914953033764,0.3398837531137559,0.4246153846153846,0.41634512578665733,0.671875,0.58811454132,0.892483652586,2073,8
tfidf,review_filtered,l2-a12,N,paired_local_policy_replay,0.31390134529147984,0.3383733055265902,0.3398837531137559,0.45739910313901344,0.36649458233733456,0.671875,0.58811454132,0.892483652586,1971,7
tfidf,label_masked_all_reviews,l2-a01,D,paired_local_policy_replay,0.23275862068965517,0.31082423038728896,0.315595363540569,0.5,0.40911137134662745,0.43902439024390244,0.594483817697,0.359593842563,1994,176
tfidf,label_masked_all_reviews,l2-a01,N,paired_local_policy_replay,0.17721518987341772,0.310065756196257,0.315595363540569,0.36363636363636365,0.2638942574798817,0.45121951219512196,0.594483817697,0.359593842563,1924,172
tfidf,label_masked_all_reviews,l2-a02,D,paired_local_policy_replay,0.15469613259668508,0.3353566009104704,0.34402332361516036,0.1878453038674033,0.1875475130571178,0.7861271676300579,0.575327058705,0.91,2090,6
tfidf,label_masked_all_reviews,l2-a02,N,paired_local_policy_replay,0.07142857142857142,0.3361647361647362,0.34402332361516036,0.125,0.17761147903887503,0.5317919075144508,0.575327058705,0.91,2021,6
tfidf,label_masked_all_reviews,l2-a03,D,paired_local_policy_replay,0.16487455197132617,0.3330539256775636,0.36411784177424694,0.24731182795698925,0.4113350482450072,0.6209476309226932,0.637189519263,0.97,1718,3
tfidf,label_masked_all_reviews,l2-a03,N,paired_local_policy_replay,0.06436781609195402,0.3263888888888889,0.36411784177424694,0.10114942528735632,0.40346372709504597,0.6184538653366584,0.637189519263,0.97,1595,3
tfidf,label_masked_all_reviews,l2-a04,D,paired_local_policy_replay,0.17142857142857143,0.33676470588235297,0.3411320754716981,0.3269230769230769,0.5986429467218587,0.6363636363636364,0.56,0.911483375808,2215,7
tfidf,label_masked_all_reviews,l2-a04,N,paired_local_policy_replay,0.27692307692307694,0.3400990099009901,0.3411320754716981,0.5230769230769231,0.6552538815537876,0.6363636363636364,0.56,0.911483375808,2176,6
tfidf,label_masked_all_reviews,l2-a05,D,paired_local_policy_replay,0.3412698412698413,0.3355738113019666,0.3351925630810093,0.4112903225806452,0.37555869653194957,0.7899159663865546,0.562615604053,0.67,2115,44
tfidf,label_masked_all_reviews,l2-a05,N,paired_local_policy_replay,0.046153846153846156,0.3255455712451861,0.3351925630810093,0.06153846153846154,0.17111375335020051,0.7899159663865546,0.562615604053,0.67,1997,40
tfidf,label_masked_all_reviews,l2-a06,D,paired_local_policy_replay,0.3465491923641703,0.3086321381142098,0.3002594033722438,0.49404761904761907,0.7692350993989782,0.6187961985216474,0.632003512897,0.92190037183,1902,5
tfidf,label_masked_all_reviews,l2-a06,N,paired_local_policy_replay,0.47044025157232705,0.3351379221448827,0.3002594033722438,0.7388535031847133,0.7932077343103454,0.6399155227032735,0.632003512897,0.92190037183,2015,6
tfidf,label_masked_all_reviews,l2-a07,D,paired_local_policy_replay,0.42073170731707316,0.32926498508272306,0.3094688221709007,0.54375,0.5920730347627421,0.7551020408163265,0.628643485982,0.368544921116,1709,120
tfidf,label_masked_all_reviews,l2-a07,N,paired_local_policy_replay,0.40344827586206894,0.32456383273331485,0.3094688221709007,0.48849557522123893,0.5756826421840473,0.7507246376811594,0.628643485982,0.368544921116,1634,119
tfidf,label_masked_all_reviews,l2-a08,D,paired_local_policy_replay,0.30434782608695654,0.33616383616383616,0.337696335078534,0.41530054644808745,0.4631839240162061,0.6666666666666666,0.55952907318,0.914858505159,2139,7
tfidf,label_masked_all_reviews,l2-a08,N,paired_local_policy_replay,0.12413793103448276,0.3298865069356873,0.337696335078534,0.18055555555555555,0.2856909845021345,0.6666666666666666,0.55952907318,0.914858505159,2100,7
tfidf,label_masked_all_reviews,l2-a09,D,paired_local_policy_replay,0.0784313725490196,0.33943592281048984,0.3497042941630239,0.16326530612244897,0.6380988674515178,0.46153846153846156,0.584270988518,0.67,2138,46
tfidf,label_masked_all_reviews,l2-a09,N,paired_local_policy_replay,0.2127659574468085,0.3480691056910569,0.3497042941630239,0.46808510638297873,0.7302331032773763,0.46153846153846156,0.584270988518,0.67,2038,40
tfidf,label_masked_all_reviews,l2-a10,D,paired_local_policy_replay,0.14173228346456693,0.34035087719298246,0.34688066269738543,0.25196850393700787,0.40035304896677815,0.5555555555555556,0.569488862188,0.91,2126,6
tfidf,label_masked_all_reviews,l2-a10,N,paired_local_policy_replay,0.1111111111111111,0.342566709021601,0.34688066269738543,0.25,0.14440682423315188,0.5555555555555556,0.569488862188,0.91,2071,6
tfidf,label_masked_all_reviews,l2-a11,D,paired_local_policy_replay,0.32558139534883723,0.33766233766233766,0.3380491437081162,0.4496124031007752,0.4647525959333894,0.6470588235294118,0.544866980509,0.91,2293,7
tfidf,label_masked_all_reviews,l2-a11,N,paired_local_policy_replay,0.21428571428571427,0.33552151714077316,0.3380491437081162,0.2619047619047619,0.2462591040002058,0.6470588235294118,0.544866980509,0.91,2248,7
tfidf,label_masked_all_reviews,l2-a12,D,paired_local_policy_replay,0.2958199356913183,0.33809400155803687,0.3418079096045198,0.3935483870967742,0.4050238481249196,0.671875,0.596463325012,0.904753802068,1987,6
tfidf,label_masked_all_reviews,l2-a12,N,paired_local_policy_replay,0.29493087557603687,0.3391003460207612,0.3418079096045198,0.423963133640553,0.3690715514240863,0.671875,0.596463325012,0.904753802068,1894,5
distilbert,review_filtered,l2-a01,D,paired_local_policy_replay,0.01639344262295082,0.5047688921496698,0.5197882530879758,0.01639344262295082,0.08479659808369536,0.9382716049382716,0.835932701826,0.99,2231,0
distilbert,review_filtered,l2-a01,N,paired_local_policy_replay,0.08187134502923976,0.5016916384726922,0.5197882530879758,0.08187134502923976,0.06802117506148028,0.9506172839506173,0.835932701826,0.99,2280,0
distilbert,review_filtered,l2-a02,D,paired_local_policy_replay,0.16877637130801687,0.5312134673836801,0.5524752475247525,0.18565400843881857,0.13277520123918105,0.8837209302325582,0.825203329325,0.463858932257,2415,4
distilbert,review_filtered,l2-a02,N,paired_local_policy_replay,0.1811320754716981,0.5296167247386759,0.5524752475247525,0.19696969696969696,0.1411718068935293,0.9069767441860465,0.825203329325,0.463858932257,2442,5
distilbert,review_filtered,l2-a03,D,paired_local_policy_replay,0.10989010989010989,0.469030969030969,0.5150746689208228,0.11428571428571428,0.45648603830998663,0.912718204488778,0.83189535141,0.467498108745,2144,2
distilbert,review_filtered,l2-a03,N,paired_local_policy_replay,0.10869565217391304,0.46844599650785734,0.5150746689208228,0.11304347826086956,0.4489840114364761,0.9240348692403487,0.83189535141,0.467498108745,2149,2
distilbert,review_filtered,l2-a04,D,paired_local_policy_replay,0.05194805194805195,0.5146434160518668,0.5227479526842584,0.05194805194805195,0.0527558517544441,0.7727272727272727,0.72759282589,0.474553003907,2613,2
distilbert,review_filtered,l2-a04,N,paired_local_policy_replay,0.06060606060606061,0.5060293795220346,0.5227479526842584,0.06060606060606061,0.05071853131699908,0.8181818181818182,0.72759282589,0.474553003907,2701,2
distilbert,review_filtered,l2-a05,D,paired_local_policy_replay,0.11398963730569948,0.5059193041797536,0.5250886974151039,0.12435233160621761,0.1388025141579318,0.9491525423728814,0.820101827383,0.473166629672,2278,3
distilbert,review_filtered,l2-a05,N,paired_local_policy_replay,0.12444444444444444,0.5034763845600575,0.5250886974151039,0.13333333333333333,0.12666743208251113,0.940677966101695,0.820101827383,0.473166629672,2310,3
distilbert,review_filtered,l2-a06,D,paired_local_policy_replay,0.0,0.4367034834324554,0.5050769734687193,0.0,0.5645888509077117,0.9121693121693122,0.829132974148,0.48,1671,2
distilbert,review_filtered,l2-a06,N,paired_local_policy_replay,0.07662835249042145,0.4425174825174825,0.5050769734687193,0.07797270955165692,0.46887751178848136,0.914466737064414,0.829132974148,0.48,1715,2
distilbert,review_filtered,l2-a07,D,paired_local_policy_replay,0.03856749311294766,0.4443876246484275,0.4859075535512965,0.038781163434903045,0.3617046607619415,0.9451851851851852,0.820518940687,0.45,2049,4
distilbert,review_filtered,l2-a07,N,paired_local_policy_replay,0.08854166666666667,0.4471007121057986,0.4859075535512965,0.08900523560209424,0.3620795996290664,0.9465875370919882,0.820518940687,0.45,2070,4
distilbert,review_filtered,l2-a08,D,paired_local_policy_replay,0.043478260869565216,0.5134676049502548,0.5297514436354507,0.10218978102189781,0.3725419889029369,0.8286852589641435,0.79387152195,0.42,2256,7
distilbert,review_filtered,l2-a08,N,paired_local_policy_replay,0.04054054054054054,0.5122246429435972,0.5297514436354507,0.09523809523809523,0.28508041037705467,0.8286852589641435,0.79387152195,0.42,2266,7
distilbert,review_filtered,l2-a09,D,paired_local_policy_replay,0.2,0.5181102362204725,0.5206349206349207,0.2,0.09931079715683508,0.8461538461538461,0.842512786388,0.99,1952,0
distilbert,review_filtered,l2-a09,N,paired_local_policy_replay,0.10909090909090909,0.5147327249022164,0.5206349206349207,0.10909090909090909,0.04700778280501634,0.8461538461538461,0.842512786388,0.99,1977,0
distilbert,review_filtered,l2-a10,D,paired_local_policy_replay,0.25925925925925924,0.523854961832061,0.52730787820203,0.25925925925925924,0.2515411967846005,0.8333333333333334,0.690463930368,0.99,2334,0
distilbert,review_filtered,l2-a10,N,paired_local_policy_replay,0.11392405063291139,0.5121042830540037,0.52730787820203,0.12658227848101267,0.149239178168174,0.8333333333333334,0.690463930368,0.99,2438,0
distilbert,review_filtered,l2-a11,D,paired_local_policy_replay,0.09345794392523364,0.507379679144385,0.5170753064798599,0.09523809523809523,0.07994603851237145,0.8543689320388349,0.734691560268,0.341074004769,2778,39
distilbert,review_filtered,l2-a11,N,paired_local_policy_replay,0.09142857142857143,0.5013704406493781,0.5170753064798599,0.10344827586206896,0.07051785970257354,0.8543689320388349,0.734691560268,0.341074004769,2847,38
distilbert,review_filtered,l2-a12,D,paired_local_policy_replay,0.25120772946859904,0.4906762525275219,0.5023562676720076,0.28019323671497587,0.3081682036672555,0.8984375,0.802027493715,0.45,2590,3
distilbert,review_filtered,l2-a12,N,paired_local_policy_replay,0.22813688212927757,0.486354559573996,0.5023562676720076,0.2585551330798479,0.26520001832719636,0.8828125,0.802027493715,0.45,2646,3
distilbert,label_masked_all_reviews,l2-a01,D,paired_local_policy_replay,0.029411764705882353,0.5032018178062384,0.5168969181721573,0.029411764705882353,0.07634783386308969,0.8641975308641975,0.715138226748,0.99,2983,0
distilbert,label_masked_all_reviews,l2-a01,N,paired_local_policy_replay,0.03162055335968379,0.49213392496974584,0.5168969181721573,0.03162055335968379,0.06146034173407566,0.9135802469135802,0.715138226748,0.99,3100,0
distilbert,label_masked_all_reviews,l2-a02,D,paired_local_policy_replay,0.18487394957983194,0.4952215464813206,0.5121392579019698,0.20168067226890757,0.14062788899945686,0.9186046511627907,0.735707759857,0.99,2746,0
distilbert,label_masked_all_reviews,l2-a02,N,paired_local_policy_replay,0.15700934579439252,0.47337278106508873,0.5121392579019698,0.17196261682242991,0.14313850690403193,0.9186046511627907,0.735707759857,0.99,3043,0
distilbert,label_masked_all_reviews,l2-a03,D,paired_local_policy_replay,0.02912621359223301,0.4177256435320951,0.47798268724124954,0.02912621359223301,0.4154410203600144,0.9149198520345253,0.847884863615,0.36,1205,6
distilbert,label_masked_all_reviews,l2-a03,N,paired_local_policy_replay,0.05128205128205128,0.4186649384316267,0.47798268724124954,0.0514018691588785,0.40292792994164217,0.9219330855018587,0.847884863615,0.36,1221,7
distilbert,label_masked_all_reviews,l2-a04,D,paired_local_policy_replay,0.04819277108433735,0.48716904276985745,0.4947172156619018,0.04819277108433735,0.046095663755571774,0.8181818181818182,0.786050498486,0.99,3052,0
distilbert,label_masked_all_reviews,l2-a04,N,paired_local_policy_replay,0.0625,0.47294904583907144,0.4947172156619018,0.0625,0.03254680086802536,0.9090909090909091,0.786050498486,0.99,3225,0
distilbert,label_masked_all_reviews,l2-a05,D,paired_local_policy_replay,0.09433962264150944,0.48834811301299236,0.5063618718999353,0.11320754716981132,0.12921128684625802,0.9491525423728814,0.71622005105,0.483668491244,2990,1
distilbert,label_masked_all_reviews,l2-a05,N,paired_local_policy_replay,0.1743119266055046,0.47782377291543465,0.5063618718999353,0.1834862385321101,0.12004287688144614,0.940677966101695,0.71622005105,0.483668491244,3214,1
distilbert,label_masked_all_reviews,l2-a06,D,paired_local_policy_replay,0.012219959266802444,0.430151338766007,0.499830220713073,0.012448132780082987,0.5191668086027357,0.9079365079365079,0.854528069496,0.460181310773,1575,3
distilbert,label_masked_all_reviews,l2-a06,N,paired_local_policy_replay,0.03898635477582846,0.43146327356853675,0.499830220713073,0.047619047619047616,0.4511422197138646,0.9058201058201059,0.854528069496,0.460181310773,1597,3
distilbert,label_masked_all_reviews,l2-a07,D,paired_local_policy_replay,0.0546448087431694,0.4478334543694021,0.4860557768924303,0.054945054945054944,0.37735886656319817,0.9361069836552749,0.70937204361,0.460965245962,2269,4
distilbert,label_masked_all_reviews,l2-a07,N,paired_local_policy_replay,0.13267813267813267,0.45158197507190795,0.4860557768924303,0.1382716049382716,0.37306853576605165,0.9464285714285714,0.70937204361,0.460965245962,2310,4
distilbert,label_masked_all_reviews,l2-a08,D,paired_local_policy_replay,0.11267605633802817,0.5099860659544821,0.5235350624399616,0.14184397163120568,0.40253331012718174,0.8492063492063492,0.785804957151,0.424545496702,2436,12
distilbert,label_masked_all_reviews,l2-a08,N,paired_local_policy_replay,0.1875,0.5111008325624422,0.5235350624399616,0.22784810126582278,0.32681390562051416,0.8695652173913043,0.785804957151,0.424545496702,2453,13
distilbert,label_masked_all_reviews,l2-a09,D,paired_local_policy_replay,0.17777777777777778,0.48324661810613945,0.4861344537815126,0.17777777777777778,0.06554358293924611,0.8461538461538461,0.753883033991,0.99,2947,0
distilbert,label_masked_all_reviews,l2-a09,N,paired_local_policy_replay,0.04938271604938271,0.4717594473791142,0.4861344537815126,0.06172839506172839,0.038621937745900434,0.7692307692307693,0.753883033991,0.99,3064,0
distilbert,label_masked_all_reviews,l2-a10,D,paired_local_policy_replay,0.1935483870967742,0.5,0.5022274325908558,0.2,0.2536370585772034,0.8888888888888888,0.792987257242,0.410712227225,2419,19
distilbert,label_masked_all_reviews,l2-a10,N,paired_local_policy_replay,0.14814814814814814,0.4956281638288081,0.5022274325908558,0.14814814814814814,0.19344127416880794,0.8333333333333334,0.792987257242,0.410712227225,2470,18
distilbert,label_masked_all_reviews,l2-a11,D,paired_local_policy_replay,0.08928571428571429,0.4961900493052443,0.5066666666666667,0.08928571428571429,0.07974550072890027,0.8431372549019608,0.735284775496,0.454660430551,2601,3
distilbert,label_masked_all_reviews,l2-a11,N,paired_local_policy_replay,0.10071942446043165,0.49409668077522834,0.5066666666666667,0.10071942446043165,0.07228400810379834,0.8431372549019608,0.735284775496,0.454660430551,2628,3
distilbert,label_masked_all_reviews,l2-a12,D,paired_local_policy_replay,0.24701195219123506,0.47965058566607105,0.49185123276222315,0.2868525896414343,0.288123000823359,0.8984375,0.699463516474,0.99,3179,0
distilbert,label_masked_all_reviews,l2-a12,N,paired_local_policy_replay,0.19642857142857142,0.4786427145708583,0.49185123276222315,0.23214285714285715,0.27798348324811395,0.8984375,0.699463516474,0.99,3152,0
fewshot,review_filtered,l2-a01,D,paired_local_policy_replay,0.6170212765957447,0.59247889485802,0.5912389142703575,0.6702127659574468,0.5273322971024234,0.9012345679012346,0.99999922514,0.99,2051,0
fewshot,review_filtered,l2-a01,N,paired_local_policy_replay,0.5714285714285714,0.5902813299232736,0.5912389142703575,0.5925925925925926,0.4563880216890792,0.9382716049382716,0.99999922514,0.99,2052,0
fewshot,review_filtered,l2-a02,D,paired_local_policy_replay,0.28193832599118945,0.5682337992376112,0.5857605177993528,0.41818181818181815,0.2778212701838733,0.375,0.99999922514,0.34,2051,26
fewshot,review_filtered,l2-a02,N,paired_local_policy_replay,0.10416666666666667,0.5736067297581493,0.5857605177993528,0.125,0.386971975673154,0.6292134831460674,0.99999922514,0.34,1927,19
fewshot,review_filtered,l2-a03,D,paired_local_policy_replay,0.569402228976697,0.5144623537204681,0.4991530208921513,0.5977710233029382,0.49081530762810033,0.9102244389027432,0.999999940395,0.99,2671,0
fewshot,review_filtered,l2-a03,N,paired_local_policy_replay,0.5064377682403434,0.5003536901674134,0.4991530208921513,0.5264663805436338,0.5654454989992663,0.9077306733167082,0.999999940395,0.99,2383,0
fewshot,review_filtered,l2-a04,D,paired_local_policy_replay,0.42105263157894735,0.5306020484636522,0.5321844906234161,0.6666666666666666,0.5426786940771874,0.6363636363636364,0.999999821186,0.34,2122,23
fewshot,review_filtered,l2-a04,N,paired_local_policy_replay,0.4117647058823529,0.5311557788944724,0.5321844906234161,0.5882352941176471,0.6794849965830073,0.7272727272727273,0.999999821186,0.34,2099,23
fewshot,review_filtered,l2-a05,D,paired_local_policy_replay,0.41916167664670656,0.48630783758262514,0.4890636520029491,0.4444444444444444,0.5812727116599493,0.7401574803149606,0.999999821186,0.000226961485,2122,256
fewshot,review_filtered,l2-a05,N,paired_local_policy_replay,0.44025157232704404,0.48722800378429515,0.4890636520029491,0.445859872611465,0.6365452244286667,0.8548387096774194,0.999999821186,0.000226961485,2117,253
fewshot,review_filtered,l2-a06,D,paired_local_policy_replay,0.6680896478121665,0.5401312468450278,0.500495867768595,0.8120950323974082,0.8043709722534582,0.7447257383966245,0.999963879585,0.414898380637,2092,12
fewshot,review_filtered,l2-a06,N,paired_local_policy_replay,0.7153284671532847,0.54639979204575,0.500495867768595,0.8044280442804428,0.9076150844660285,0.8236536430834214,0.999963879585,0.414898380637,1979,10
fewshot,review_filtered,l2-a07,D,paired_local_policy_replay,0.5646173149309912,0.5512973101642467,0.5481786133960047,0.6060606060606061,0.5608483388567067,0.8291233283803864,0.05,0.34,2317,26
fewshot,review_filtered,l2-a07,N,paired_local_policy_replay,0.5336225596529284,0.5450762829403606,0.5481786133960047,0.5842450765864332,0.49529060215635845,0.9004457652303121,0.05,0.34,2439,29
fewshot,review_filtered,l2-a08,D,paired_local_policy_replay,0.6347826086956522,0.5803286730439048,0.5770730439303353,0.6724890829694323,0.6683225293010276,0.873015873015873,0.999999582767,0.247328296304,2183,36
fewshot,review_filtered,l2-a08,N,paired_local_policy_replay,0.5773195876288659,0.577084879980203,0.5770730439303353,0.6217616580310881,0.7432858706396678,0.8412698412698413,0.999999582767,0.247328296304,2147,36
fewshot,review_filtered,l2-a09,D,paired_local_policy_replay,0.5517241379310345,0.5803286730439048,0.5805335968379447,0.6896551724137931,0.5560737388244987,0.6153846153846154,0.999999582767,0.247328296304,2183,36
fewshot,review_filtered,l2-a09,N,paired_local_policy_replay,0.56,0.5804075619936165,0.5805335968379447,0.72,0.7079056237879766,0.6923076923076923,0.999999582767,0.247328296304,2179,36
fewshot,review_filtered,l2-a10,D,paired_local_policy_replay,0.3010752688172043,0.5120139799038882,0.5163879598662208,0.3225806451612903,0.20030506123341074,0.9444444444444444,0.999999463558,0.34,2687,33
fewshot,review_filtered,l2-a10,N,paired_local_policy_replay,0.5882352941176471,0.5171957671957672,0.5163879598662208,0.6274509803921569,0.5294912021656207,0.9444444444444444,0.999999463558,0.34,2645,33
fewshot,review_filtered,l2-a11,D,paired_local_policy_replay,0.3841059602649007,0.5306020484636522,0.5363447559709242,0.4370860927152318,0.2840860974595176,0.7058823529411765,0.999999821186,0.34,2122,23
fewshot,review_filtered,l2-a11,N,paired_local_policy_replay,0.3625,0.5294117647058824,0.5363447559709242,0.41509433962264153,0.2791138681969386,0.7692307692307693,0.999999821186,0.34,2130,24
fewshot,review_filtered,l2-a12,D,paired_local_policy_replay,0.648854961832061,0.5686274509803921,0.5628112894299945,0.6870229007633588,0.5718523806183902,0.9140625,0.999999940395,0.34,1993,25
fewshot,review_filtered,l2-a12,N,paired_local_policy_replay,0.6536964980544747,0.5688452596228365,0.5628112894299945,0.6926070038910506,0.5922821477122493,0.9296875,0.999999940395,0.34,1988,25
fewshot,label_masked_all_reviews,l2-a01,D,paired_local_policy_replay,0.5979381443298969,0.5434462444771723,0.540721649484536,0.6528497409326425,0.5273322971024234,0.8957055214723927,0.998967289925,0.37,2196,20
fewshot,label_masked_all_reviews,l2-a01,N,paired_local_policy_replay,0.5326633165829145,0.5403285118901692,0.540721649484536,0.5757575757575758,0.4563880216890792,0.9259259259259259,0.998967289925,0.37,2201,20
fewshot,label_masked_all_reviews,l2-a02,D,paired_local_policy_replay,0.2037037037037037,0.5306020484636522,0.5593911388964392,0.35443037974683544,0.2137964241172193,0.375,0.999999821186,0.34,2122,23
fewshot,label_masked_all_reviews,l2-a02,N,paired_local_policy_replay,0.022988505747126436,0.5469994689325545,0.5593911388964392,0.022988505747126436,0.3261053769722222,0.6292134831460674,0.999999821186,0.34,1893,15
fewshot,label_masked_all_reviews,l2-a03,D,paired_local_policy_replay,0.5178826895565093,0.48561236623067777,0.4791785510553337,0.5428156748911466,0.5882956618484596,0.9005988023952096,0.999999940395,0.000226961485,2095,252
fewshot,label_masked_all_reviews,l2-a03,N,paired_local_policy_replay,0.3713235294117647,0.46469135802469136,0.4791785510553337,0.38361266294227186,0.6186762377214406,0.8902147971360382,0.999999940395,0.000226961485,1943,249
fewshot,label_masked_all_reviews,l2-a04,D,paired_local_policy_replay,0.42105263157894735,0.5306020484636522,0.5321844906234161,0.6666666666666666,0.5426786940771874,0.6363636363636364,0.999999821186,0.34,2122,23
fewshot,label_masked_all_reviews,l2-a04,N,paired_local_policy_replay,0.4117647058823529,0.5311557788944724,0.5321844906234161,0.5882352941176471,0.6794849965830073,0.7272727272727273,0.999999821186,0.34,2099,23
fewshot,label_masked_all_reviews,l2-a05,D,paired_local_policy_replay,0.43209876543209874,0.5306020484636522,0.534756573808904,0.4444444444444444,0.5812727116599493,0.7416666666666667,0.999999821186,0.34,2122,23
fewshot,label_masked_all_reviews,l2-a05,N,paired_local_policy_replay,0.445859872611465,0.5312656328164082,0.534756573808904,0.445859872611465,0.6365452244286667,0.8319327731092437,0.999999821186,0.34,2117,23
fewshot,label_masked_all_reviews,l2-a06,D,paired_local_policy_replay,0.5964566929133859,0.5126816055158828,0.48472906403940885,0.8043694141012909,0.7994867816211273,0.68994708994709,1.27581e-07,0.99,2203,0
fewshot,label_masked_all_reviews,l2-a06,N,paired_local_policy_replay,0.7464635473340587,0.5454086781029264,0.48472906403940885,0.8527472527472527,0.9217699849844788,0.8507936507936508,1.27581e-07,0.99,2106,0
fewshot,label_masked_all_reviews,l2-a07,D,paired_local_policy_replay,0.5652724968314322,0.5257803468208092,0.5169683257918553,0.6114649681528662,0.5576906254029885,0.8291233283803864,0.000139890326,0.34,2440,27
fewshot,label_masked_all_reviews,l2-a07,N,paired_local_policy_replay,0.5123639960435212,0.5159445788431933,0.5169683257918553,0.5614385614385614,0.4859748494356337,0.9004457652303121,0.000139890326,0.34,2656,33
fewshot,label_masked_all_reviews,l2-a08,D,paired_local_policy_replay,0.5897435897435898,0.552849610846096,0.5505468124833289,0.6180257510729614,0.5600026574951634,0.8764940239043825,0.999999821186,0.49,2122,3
fewshot,label_masked_all_reviews,l2-a08,N,paired_local_policy_replay,0.5757575757575758,0.5518115024068914,0.5505468124833289,0.5888324873096447,0.6347062738303146,0.8446215139442231,0.999999821186,0.49,2086,3
fewshot,label_masked_all_reviews,l2-a09,D,paired_local_policy_replay,0.5517241379310345,0.5634218289085545,0.5635058182718494,0.6896551724137931,0.5560737388244987,0.6153846153846154,0.999999582767,0.34,2183,27
fewshot,label_masked_all_reviews,l2-a09,N,paired_local_policy_replay,0.64,0.5639763779527559,0.5635058182718494,0.72,0.7079056237879766,0.6923076923076923,0.999999582767,0.34,2179,27
fewshot,label_masked_all_reviews,l2-a10,D,paired_local_policy_replay,0.22727272727272727,0.5306020484636522,0.540945492120899,0.24427480916030533,0.14154835432207696,0.9444444444444444,0.999999821186,0.34,2122,23
fewshot,label_masked_all_reviews,l2-a10,N,paired_local_policy_replay,0.24778761061946902,0.5326305220883534,0.540945492120899,0.26785714285714285,0.1507037022371227,0.9444444444444444,0.999999821186,0.34,2103,23
fewshot,label_masked_all_reviews,l2-a11,D,paired_local_policy_replay,0.3841059602649007,0.5306020484636522,0.5363447559709242,0.4370860927152318,0.2840860974595176,0.7058823529411765,0.999999821186,0.34,2122,23
fewshot,label_masked_all_reviews,l2-a11,N,paired_local_policy_replay,0.3625,0.5294117647058824,0.5363447559709242,0.41509433962264153,0.2791138681969386,0.7692307692307693,0.999999821186,0.34,2130,24
fewshot,label_masked_all_reviews,l2-a12,D,paired_local_policy_replay,0.5882352941176471,0.5306020484636522,0.5255434782608696,0.6191950464396285,0.4730083112683494,0.9140625,0.999999821186,0.34,2122,23
fewshot,label_masked_all_reviews,l2-a12,N,paired_local_policy_replay,0.6269592476489029,0.5336334083520881,0.5255434782608696,0.658307210031348,0.5160780285365112,0.9296875,0.999999821186,0.34,2118,23
mixed_component_diagnostic,review_filtered,l2-a01,D,paired_local_policy_replay,0.6210526315789474,0.6110828673106253,0.6105769230769231,0.6702127659574468,0.5273322971024234,0.926829268292683,0.99999922514,0.402159124613,2051,25
mixed_component_diagnostic,review_filtered,l2-a01,N,paired_local_policy_replay,0.5654450261780105,0.6083862770012707,0.6105769230769231,0.5925925925925926,0.4563880216890792,0.9629629629629629,0.99999922514,0.402159124613,2052,25
mixed_component_diagnostic,review_filtered,l2-a02,D,paired_local_policy_replay,0.3333333333333333,0.6061845131612573,0.6225955025738282,0.41818181818181815,0.2778212701838733,0.8670520231213873,0.99999922514,0.46,2051,4
mixed_component_diagnostic,review_filtered,l2-a02,N,paired_local_policy_replay,0.08333333333333333,0.6089252706627938,0.6225955025738282,0.125,0.386971975673154,0.8439306358381503,0.99999922514,0.46,1927,2
mixed_component_diagnostic,review_filtered,l2-a03,D,paired_local_policy_replay,0.5612968591691996,0.5917421064252595,0.6002258610954263,0.5977710233029382,0.49081530762810033,0.885286783042394,0.999999940395,0.99,2671,0
mixed_component_diagnostic,review_filtered,l2-a03,N,paired_local_policy_replay,0.5007153075822603,0.583824569676963,0.6002258610954263,0.5264663805436338,0.5654454989992663,0.8653366583541147,0.999999940395,0.99,2383,0
mixed_component_diagnostic,review_filtered,l2-a04,D,paired_local_policy_replay,0.41379310344827586,0.5633663366336633,0.5655449522852838,0.6666666666666666,0.5426786940771874,0.6363636363636364,0.999999821186,0.371377393603,2122,60
mixed_component_diagnostic,review_filtered,l2-a04,N,paired_local_policy_replay,0.4,0.5641025641025641,0.5655449522852838,0.5882352941176471,0.6794849965830073,0.6666666666666666,0.999999821186,0.371377393603,2099,60
mixed_component_diagnostic,review_filtered,l2-a05,D,paired_local_policy_replay,0.4444444444444444,0.5718592964824121,0.5772655840754322,0.4444444444444444,0.5812727116599493,0.9152542372881356,0.999999821186,0.99,2122,0
mixed_component_diagnostic,review_filtered,l2-a05,N,paired_local_policy_replay,0.445859872611465,0.5720754716981132,0.5772655840754322,0.445859872611465,0.6365452244286667,0.923728813559322,0.999999821186,0.99,2117,0
mixed_component_diagnostic,review_filtered,l2-a06,D,paired_local_policy_replay,0.7080213903743315,0.5660759493670886,0.5220563847429519,0.8120950323974082,0.8043709722534582,0.8465608465608465,0.999963879585,0.99,2092,0
mixed_component_diagnostic,review_filtered,l2-a06,N,paired_local_policy_replay,0.7128953771289538,0.5629397967161845,0.5220563847429519,0.8044280442804428,0.9076150844660285,0.8592592592592593,0.999963879585,0.99,1979,0
mixed_component_diagnostic,review_filtered,l2-a07,D,paired_local_policy_replay,0.5728643216080402,0.5869409232241091,0.5902511078286559,0.6060606060606061,0.5608483388567067,0.9228486646884273,0.05,0.463918253779,2317,6
mixed_component_diagnostic,review_filtered,l2-a07,N,paired_local_policy_replay,0.549618320610687,0.5815899581589958,0.5902511078286559,0.5842450765864332,0.49529060215635845,0.9226190476190477,0.05,0.463918253779,2439,5
mixed_component_diagnostic,review_filtered,l2-a08,D,paired_local_policy_replay,0.6347826086956522,0.6001481847369721,0.5980623199790521,0.6724890829694323,0.6683225293010276,0.9322709163346613,0.999999582767,0.451480075717,2183,8
mixed_component_diagnostic,review_filtered,l2-a08,N,paired_local_policy_replay,0.5876288659793815,0.5975579367057064,0.5980623199790521,0.6217616580310881,0.7432858706396678,0.9047619047619048,0.999999582767,0.451480075717,2147,8
mixed_component_diagnostic,review_filtered,l2-a09,D,paired_local_policy_replay,0.6896551724137931,0.5978718139074487,0.5972083748753739,0.6896551724137931,0.5560737388244987,0.9230769230769231,0.999999582767,0.99,2183,0
mixed_component_diagnostic,review_filtered,l2-a09,N,paired_local_policy_replay,0.72,0.5979687887044836,0.5972083748753739,0.72,0.7079056237879766,0.9230769230769231,0.999999582767,0.99,2179,0
mixed_component_diagnostic,review_filtered,l2-a10,D,paired_local_policy_replay,0.2978723404255319,0.5410010649627263,0.5459682677678765,0.3225806451612903,0.20030506123341074,0.9444444444444444,0.999999463558,0.340862438083,2687,150
mixed_component_diagnostic,review_filtered,l2-a10,N,paired_local_policy_replay,0.5769230769230769,0.546314205888674,0.5459682677678765,0.6274509803921569,0.5294912021656207,0.9444444444444444,0.999999463558,0.340862438083,2645,150
mixed_component_diagnostic,review_filtered,l2-a11,D,paired_local_policy_replay,0.3973509933774834,0.5681304893350063,0.5748565466875326,0.4370860927152318,0.2840860974595176,0.8823529411764706,0.999999821186,0.47,2122,5
mixed_component_diagnostic,review_filtered,l2-a11,N,paired_local_policy_replay,0.389937106918239,0.5674931129476584,0.5748565466875326,0.41509433962264153,0.2791138681969386,0.9019607843137255,0.999999821186,0.47,2130,5
mixed_component_diagnostic,review_filtered,l2-a12,D,paired_local_policy_replay,0.6367041198501873,0.6042094455852156,0.6018186828327363,0.6870229007633588,0.5718523806183902,0.9420849420849421,0.999999940395,0.396378025413,1993,45
mixed_component_diagnostic,review_filtered,l2-a12,N,paired_local_policy_replay,0.640926640926641,0.6044238683127572,0.6018186828327363,0.6926070038910506,0.5922821477122493,0.9343629343629344,0.999999940395,0.396378025413,1988,42
mixed_component_diagnostic,label_masked_all_reviews,l2-a01,D,paired_local_policy_replay,0.6051282051282051,0.6091644204851752,0.6093669583118888,0.6528497409326425,0.5273322971024234,0.926829268292683,0.998967289925,0.402159124613,2196,27
mixed_component_diagnostic,label_masked_all_reviews,l2-a01,N,paired_local_policy_replay,0.5472636815920398,0.6063126988010766,0.6093669583118888,0.5757575757575758,0.4563880216890792,0.9629629629629629,0.998967289925,0.402159124613,2201,28
mixed_component_diagnostic,label_masked_all_reviews,l2-a02,D,paired_local_policy_replay,0.29559748427672955,0.570138017565872,0.5939460049086447,0.35443037974683544,0.2137964241172193,0.8670520231213873,0.999999821186,0.46,2122,5
mixed_component_diagnostic,label_masked_all_reviews,l2-a02,N,paired_local_policy_replay,0.022988505747126436,0.580713905167821,0.5939460049086447,0.022988505747126436,0.3261053769722222,0.8439306358381503,0.999999821186,0.46,1893,3
mixed_component_diagnostic,label_masked_all_reviews,l2-a03,D,paired_local_policy_replay,0.5108853410740203,0.5712117379205667,0.5839460784313726,0.5428156748911466,0.5882956618484596,0.885286783042394,0.999999940395,0.99,2095,0
mixed_component_diagnostic,label_masked_all_reviews,l2-a03,N,paired_local_policy_replay,0.3687150837988827,0.5535385424888187,0.5839460784313726,0.38361266294227186,0.6186762377214406,0.8653366583541147,0.999999940395,0.99,1943,0
mixed_component_diagnostic,label_masked_all_reviews,l2-a04,D,paired_local_policy_replay,0.41379310344827586,0.5633663366336633,0.5655449522852838,0.6666666666666666,0.5426786940771874,0.6363636363636364,0.999999821186,0.371377393603,2122,60
mixed_component_diagnostic,label_masked_all_reviews,l2-a04,N,paired_local_policy_replay,0.4,0.5641025641025641,0.5655449522852838,0.5882352941176471,0.6794849965830073,0.6666666666666666,0.999999821186,0.371377393603,2099,60
mixed_component_diagnostic,label_masked_all_reviews,l2-a05,D,paired_local_policy_replay,0.4444444444444444,0.5718592964824121,0.5772655840754322,0.4444444444444444,0.5812727116599493,0.9152542372881356,0.999999821186,0.99,2122,0
mixed_component_diagnostic,label_masked_all_reviews,l2-a05,N,paired_local_policy_replay,0.445859872611465,0.5720754716981132,0.5772655840754322,0.445859872611465,0.6365452244286667,0.923728813559322,0.999999821186,0.99,2117,0
mixed_component_diagnostic,label_masked_all_reviews,l2-a06,D,paired_local_policy_replay,0.6968503937007874,0.5520807682836739,0.5037766830870279,0.8043694141012909,0.7994867816211273,0.8465608465608465,1.27581e-07,0.99,2203,0
mixed_component_diagnostic,label_masked_all_reviews,l2-a06,N,paired_local_policy_replay,0.7334058759521219,0.557013118062563,0.5037766830870279,0.8527472527472527,0.9217699849844788,0.8592592592592593,1.27581e-07,0.99,2106,0
mixed_component_diagnostic,label_masked_all_reviews,l2-a07,D,paired_local_policy_replay,0.5728770595690748,0.5638643752902927,0.5618424793858402,0.6114649681528662,0.5576906254029885,0.9228486646884273,0.000139890326,0.463918253779,2440,8
mixed_component_diagnostic,label_masked_all_reviews,l2-a07,N,paired_local_policy_replay,0.5213930348258706,0.5528527200353825,0.5618424793858402,0.5614385614385614,0.4859748494356337,0.9226190476190477,0.000139890326,0.463918253779,2656,8
mixed_component_diagnostic,label_masked_all_reviews,l2-a08,D,paired_local_policy_replay,0.5811965811965812,0.5702106318956871,0.5695258391049547,0.6180257510729614,0.5600026574951634,0.9322709163346613,0.999999821186,0.451480075717,2122,8
mixed_component_diagnostic,label_masked_all_reviews,l2-a08,N,paired_local_policy_replay,0.5656565656565656,0.569331983805668,0.5695258391049547,0.5888324873096447,0.6347062738303146,0.9047619047619048,0.999999821186,0.451480075717,2086,8
mixed_component_diagnostic,label_masked_all_reviews,l2-a09,D,paired_local_policy_replay,0.6896551724137931,0.5978718139074487,0.5972083748753739,0.6896551724137931,0.5560737388244987,0.9230769230769231,0.999999582767,0.99,2183,0
mixed_component_diagnostic,label_masked_all_reviews,l2-a09,N,paired_local_policy_replay,0.72,0.5979687887044836,0.5972083748753739,0.72,0.7079056237879766,0.9230769230769231,0.999999582767,0.99,2179,0
mixed_component_diagnostic,label_masked_all_reviews,l2-a10,D,paired_local_policy_replay,0.22058823529411764,0.5679194301154508,0.5799237611181702,0.24427480916030533,0.14154835432207696,0.9444444444444444,0.999999821186,0.340862438083,2122,91
mixed_component_diagnostic,label_masked_all_reviews,l2-a10,N,paired_local_policy_replay,0.23529411764705882,0.5698075974346325,0.5799237611181702,0.26785714285714285,0.1507037022371227,0.9444444444444444,0.999999821186,0.340862438083,2103,93
mixed_component_diagnostic,label_masked_all_reviews,l2-a11,D,paired_local_policy_replay,0.3973509933774834,0.5681304893350063,0.5748565466875326,0.4370860927152318,0.2840860974595176,0.8823529411764706,0.999999821186,0.47,2122,5
mixed_component_diagnostic,label_masked_all_reviews,l2-a11,N,paired_local_policy_replay,0.389937106918239,0.5674931129476584,0.5748565466875326,0.41509433962264153,0.2791138681969386,0.9019607843137255,0.999999821186,0.47,2130,5
mixed_component_diagnostic,label_masked_all_reviews,l2-a12,D,paired_local_policy_replay,0.5775075987841946,0.5692995529061102,0.5685691100892616,0.6191950464396285,0.4730083112683494,0.9420849420849421,0.999999821186,0.396378025413,2122,46
mixed_component_diagnostic,label_masked_all_reviews,l2-a12,N,paired_local_policy_replay,0.6149068322981367,0.5722816621050012,0.5685691100892616,0.658307210031348,0.5160780285365112,0.9343629343629344,0.999999821186,0.396378025413,2118,43
tfidf,size_matched_label_masked_s13,l2-a01,D,paired_local_policy_replay,0.23684210526315788,0.31016862544711293,0.31470428648941945,0.49777777777777776,0.40948396217067984,0.43902439024390244,0.594210834299,0.664253517388,2007,49
tfidf,size_matched_label_masked_s13,l2-a01,N,paired_local_policy_replay,0.18064516129032257,0.30929445456912263,0.31470428648941945,0.36363636363636365,0.26393272097473447,0.4539877300613497,0.594210834299,0.664253517388,1936,47
tfidf,size_matched_label_masked_s13,l2-a02,D,paired_local_policy_replay,0.15469613259668508,0.3349354920313686,0.34358430540827145,0.1878453038674033,0.1871296739698412,0.7861271676300579,0.576215669768,0.90611509712,2089,6
tfidf,size_matched_label_masked_s13,l2-a02,N,paired_local_policy_replay,0.07142857142857142,0.3357363542739444,0.34358430540827145,0.125,0.17769888349791677,0.5317919075144508,0.576215669768,0.90611509712,2020,6
tfidf,size_matched_label_masked_s13,l2-a03,D,paired_local_policy_replay,0.17465753424657535,0.3375328083989501,0.3670179789212647,0.2705479452054795,0.4096881821222379,0.6184538653366584,0.596578958444,0.96,1949,3
tfidf,size_matched_label_masked_s13,l2-a03,N,paired_local_policy_replay,0.06378132118451026,0.3306957708049113,0.3670179789212647,0.10478359908883828,0.4032760330706173,0.6184538653366584,0.596578958444,0.96,1804,3
tfidf,size_matched_label_masked_s13,l2-a04,D,paired_local_policy_replay,0.17647058823529413,0.33693738999245665,0.34116129032258063,0.33663366336633666,0.6232904508284283,0.6363636363636364,0.57360015784,0.91152976823,2112,7
tfidf,size_matched_label_masked_s13,l2-a04,N,paired_local_policy_replay,0.2857142857142857,0.34027425088877605,0.34116129032258063,0.5396825396825397,0.6569285227021129,0.6363636363636364,0.57360015784,0.91152976823,2074,6
tfidf,size_matched_label_masked_s13,l2-a05,D,paired_local_policy_replay,0.3426294820717131,0.3351593625498008,0.3346613545816733,0.41295546558704455,0.3745750304982786,0.7899159663865546,0.565119364748,0.663442484682,2114,44
tfidf,size_matched_label_masked_s13,l2-a05,N,paired_local_policy_replay,0.04580152671755725,0.32494866529774125,0.3346613545816733,0.061068702290076333,0.17106805092227595,0.7899159663865546,0.565119364748,0.663442484682,1998,40
tfidf,size_matched_label_masked_s13,l2-a06,D,paired_local_policy_replay,0.36623748211731044,0.31198511825671005,0.29960835509138384,0.5224963715529753,0.773353973539792,0.6187961985216474,0.633834819125,0.923269815049,1898,7
tfidf,size_matched_label_masked_s13,l2-a06,N,paired_local_policy_replay,0.4811083123425693,0.336962156557802,0.29960835509138384,0.7397959183673469,0.7963906549483258,0.648363252375924,0.633834819125,0.923269815049,1993,7
tfidf,size_matched_label_masked_s13,l2-a07,D,paired_local_policy_replay,0.431784107946027,0.33473684210526317,0.3140759655282477,0.5559006211180124,0.5906932112430776,0.7547169811320755,0.638296830512,0.354366507271,1695,247
tfidf,size_matched_label_masked_s13,l2-a07,N,paired_local_policy_replay,0.3979416809605489,0.32723358449946177,0.3140759655282477,0.4858156028368794,0.5736551896829759,0.7485549132947977,0.638296830512,0.354366507271,1615,243
tfidf,size_matched_label_masked_s13,l2-a08,D,paired_local_policy_replay,0.2857142857142857,0.3384615384615385,0.3410435718128026,0.39779005524861877,0.46317826519843586,0.6666666666666666,0.572953090004,0.92,2036,6
tfidf,size_matched_label_masked_s13,l2-a08,N,paired_local_policy_replay,0.12413793103448276,0.3329018897230132,0.3410435718128026,0.18055555555555555,0.28642920903372804,0.6666666666666666,0.572953090004,0.92,1999,6
tfidf,size_matched_label_masked_s13,l2-a09,D,paired_local_policy_replay,0.0784313725490196,0.33919286952215894,0.3494595985589295,0.16326530612244897,0.6376446982568373,0.46153846153846156,0.585447334651,0.67,2135,46
tfidf,size_matched_label_masked_s13,l2-a09,N,paired_local_policy_replay,0.2127659574468085,0.34782608695652173,0.3494595985589295,0.46808510638297873,0.7302331032773763,0.46153846153846156,0.585447334651,0.67,2035,40
tfidf,size_matched_label_masked_s13,l2-a10,D,paired_local_policy_replay,0.144,0.3398033778674061,0.3461738677771994,0.256,0.40028459733269084,0.5555555555555556,0.572554798115,0.910501605286,2103,6
tfidf,size_matched_label_masked_s13,l2-a10,N,paired_local_policy_replay,0.11267605633802817,0.3419371326348071,0.3461738677771994,0.2535211267605634,0.1443575904702681,0.5555555555555556,0.572554798115,0.910501605286,2049,6
tfidf,size_matched_label_masked_s13,l2-a11,D,paired_local_policy_replay,0.3442622950819672,0.3380352644836272,0.33783783783783783,0.47540983606557374,0.46619992599159304,0.6470588235294118,0.565818737767,0.911825102733,2106,6
tfidf,size_matched_label_masked_s13,l2-a11,N,paired_local_policy_replay,0.19753086419753085,0.3349452786968694,0.33783783783783783,0.24691358024691357,0.2479844269168546,0.6470588235294118,0.565818737767,0.911825102733,2065,6
tfidf,size_matched_label_masked_s13,l2-a12,D,paired_local_policy_replay,0.2920634920634921,0.33695652173913043,0.3409411101718794,0.3885350318471338,0.40400768995256503,0.671875,0.597233125781,0.902193925826,1999,7
tfidf,size_matched_label_masked_s13,l2-a12,N,paired_local_policy_replay,0.29493087557603687,0.3382899628252788,0.3409411101718794,0.423963133640553,0.36850975786660767,0.671875,0.597233125781,0.902193925826,1902,6
tfidf,size_matched_label_masked_s29,l2-a01,D,paired_local_policy_replay,0.22413793103448276,0.3170057774428536,0.32275273406241667,0.5,0.4097749890292512,0.43902439024390244,0.594200264771,0.392492095939,2002,121
tfidf,size_matched_label_masked_s29,l2-a01,N,paired_local_policy_replay,0.2138364779874214,0.31832139201637666,0.32275273406241667,0.36129032258064514,0.26481890282071846,0.5487804878048781,0.594200264771,0.392492095939,1933,117
tfidf,size_matched_label_masked_s29,l2-a02,D,paired_local_policy_replay,0.16393442622950818,0.33518145161290325,0.34346103038309117,0.19672131147540983,0.18690211342191348,0.7861271676300579,0.574178462022,0.91,2104,6
tfidf,size_matched_label_masked_s29,l2-a02,N,paired_local_policy_replay,0.07142857142857142,0.33564280215550424,0.34346103038309117,0.125,0.17753436400995712,0.5317919075144508,0.574178462022,0.91,2033,6
tfidf,size_matched_label_masked_s29,l2-a03,D,paired_local_policy_replay,0.16312056737588654,0.3350843240254354,0.36685227644939405,0.2553191489361702,0.41203934925216973,0.6184538653366584,0.638588213534,0.96,1756,3
tfidf,size_matched_label_masked_s29,l2-a03,N,paired_local_policy_replay,0.06422018348623854,0.3290341071940384,0.36685227644939405,0.10091743119266056,0.40371910205177464,0.6184538653366584,0.638588213534,0.96,1628,3
tfidf,size_matched_label_masked_s29,l2-a04,D,paired_local_policy_replay,0.16666666666666666,0.336304504938569,0.3408360128617363,0.3177570093457944,0.600315194119084,0.6363636363636364,0.551880754426,0.910594547006,2285,8
tfidf,size_matched_label_masked_s29,l2-a04,N,paired_local_policy_replay,0.27692307692307694,0.33982473222979553,0.3408360128617363,0.5230769230769231,0.6552600149821404,0.6363636363636364,0.551880754426,0.910594547006,2243,7
tfidf,size_matched_label_masked_s29,l2-a05,D,paired_local_policy_replay,0.35294117647058826,0.3359121537309708,0.3347547974413646,0.42231075697211157,0.37563305131599695,0.7899159663865546,0.56583516382,0.674914903014,2105,44
tfidf,size_matched_label_masked_s29,l2-a05,N,paired_local_policy_replay,0.04580152671755725,0.32500643832088594,0.3347547974413646,0.061068702290076333,0.1710622905533873,0.7899159663865546,0.56583516382,0.674914903014,1985,40
tfidf,size_matched_label_masked_s29,l2-a06,D,paired_local_policy_replay,0.38095238095238093,0.3144395998974096,0.2995290423861852,0.5426136363636364,0.7700328861633442,0.6187961985216474,0.621221528654,0.94,2035,6
tfidf,size_matched_label_masked_s29,l2-a06,N,paired_local_policy_replay,0.47044025157232705,0.3336683417085427,0.2995290423861852,0.7388535031847133,0.7925786767567875,0.6399155227032735,0.621221528654,0.94,2116,6
tfidf,size_matched_label_masked_s29,l2-a07,D,paired_local_policy_replay,0.4366812227074236,0.330761316872428,0.30802874101843175,0.5637181409295352,0.5898668129965936,0.752906976744186,0.609277191315,0.362789867971,1870,160
tfidf,size_matched_label_masked_s29,l2-a07,N,paired_local_policy_replay,0.4020442930153322,0.32259767687434004,0.30802874101843175,0.48857644991212656,0.5745778901442816,0.7496382054992764,0.609277191315,0.362789867971,1772,158
tfidf,size_matched_label_masked_s29,l2-a08,D,paired_local_policy_replay,0.30434782608695654,0.33831101956745624,0.34,0.41530054644808745,0.46397791783586556,0.6666666666666666,0.575165192461,0.92,2020,6
tfidf,size_matched_label_masked_s29,l2-a08,N,paired_local_policy_replay,0.12413793103448276,0.3318595578673602,0.34,0.18055555555555555,0.28839463827125844,0.6666666666666666,0.575165192461,0.92,1981,6
tfidf,size_matched_label_masked_s29,l2-a09,D,paired_local_policy_replay,0.0784313725490196,0.33903345724907064,0.34930448222565685,0.16326530612244897,0.6382932756254318,0.46153846153846156,0.58466525267,0.67,2131,46
tfidf,size_matched_label_masked_s29,l2-a09,N,paired_local_policy_replay,0.2127659574468085,0.3476711631458386,0.34930448222565685,0.46808510638297873,0.7302331032773763,0.46153846153846156,0.58466525267,0.67,2031,40
tfidf,size_matched_label_masked_s29,l2-a10,D,paired_local_policy_replay,0.14173228346456693,0.3398496240601504,0.3463629303650013,0.25196850393700787,0.3994719115123527,0.5555555555555556,0.568962170432,0.910292938326,2126,6
tfidf,size_matched_label_masked_s29,l2-a10,N,paired_local_policy_replay,0.1111111111111111,0.3420584498094028,0.3463629303650013,0.25,0.14442113243919352,0.5555555555555556,0.568962170432,0.910292938326,2071,6
tfidf,size_matched_label_masked_s29,l2-a11,D,paired_local_policy_replay,0.34146341463414637,0.33744028161931106,0.33731188375713544,0.4715447154471545,0.46452047706339217,0.6470588235294118,0.564790888113,0.91,2113,6
tfidf,size_matched_label_masked_s29,l2-a11,N,paired_local_policy_replay,0.19753086419753085,0.3344345616264295,0.33731188375713544,0.24691358024691357,0.2461080991455664,0.6470588235294118,0.564790888113,0.91,2071,6
tfidf,size_matched_label_masked_s29,l2-a12,D,paired_local_policy_replay,0.2958199356913183,0.33748055987558323,0.34113335212855933,0.3935483870967742,0.40479444186283525,0.671875,0.594705616314,0.902599418949,1994,6
tfidf,size_matched_label_masked_s29,l2-a12,N,paired_local_policy_replay,0.29357798165137616,0.3383798140770252,0.34113335212855933,0.43119266055045874,0.36797270286156986,0.671875,0.594705616314,0.902599418949,1902,5
tfidf,size_matched_label_masked_s47,l2-a01,D,paired_local_policy_replay,0.23529411764705882,0.3103448275862069,0.3149484536082474,0.4956521739130435,0.40877017868621374,0.4378698224852071,0.585146145679,0.357475671548,2071,189
tfidf,size_matched_label_masked_s47,l2-a01,N,paired_local_policy_replay,0.1761006289308176,0.3094825451844516,0.3149484536082474,0.3741935483870968,0.2640471117658719,0.44549763033175355,0.585146145679,0.357475671548,1996,185
tfidf,size_matched_label_masked_s47,l2-a02,D,paired_local_policy_replay,0.17391304347826086,0.33625657729892255,0.3441029682164434,0.20652173913043478,0.18653876115247697,0.7861271676300579,0.571399177082,0.91,2127,6
tfidf,size_matched_label_masked_s47,l2-a02,N,paired_local_policy_replay,0.07142857142857142,0.33631028323551926,0.3441029682164434,0.125,0.17732475078201823,0.5317919075144508,0.571399177082,0.91,2055,6
tfidf,size_matched_label_masked_s47,l2-a03,D,paired_local_policy_replay,0.19095477386934673,0.33859095688748686,0.36607421265980666,0.2914572864321608,0.4100611307508307,0.6209476309226932,0.603001697792,0.96,1943,3
tfidf,size_matched_label_masked_s47,l2-a03,N,paired_local_policy_replay,0.0639269406392694,0.3297668038408779,0.36607421265980666,0.1004566210045662,0.4031181780669889,0.6184538653366584,0.603001697792,0.96,1784,3
tfidf,size_matched_label_masked_s47,l2-a04,D,paired_local_policy_replay,0.16981132075471697,0.3368114535306964,0.3412204234122042,0.3238095238095238,0.5986098785133718,0.6363636363636364,0.555150777607,0.912982925701,2256,7
tfidf,size_matched_label_masked_s47,l2-a04,N,paired_local_policy_replay,0.27692307692307694,0.34019607843137256,0.3412204234122042,0.5230769230769231,0.6552600149821404,0.6363636363636364,0.555150777607,0.912982925701,2216,6
tfidf,size_matched_label_masked_s47,l2-a05,D,paired_local_policy_replay,0.35390946502057613,0.337015155407141,0.3358904109589041,0.4132231404958678,0.37683778557913217,0.7932489451476793,0.576085134773,0.913332918443,2029,6
tfidf,size_matched_label_masked_s47,l2-a05,N,paired_local_policy_replay,0.046153846153846156,0.32592592592592595,0.3358904109589041,0.06153846153846154,0.17100366890504842,0.7932489451476793,0.576085134773,0.913332918443,1917,5
tfidf,size_matched_label_masked_s47,l2-a06,D,paired_local_policy_replay,0.354978354978355,0.3103269330565646,0.30053780449224926,0.5065885797950219,0.7667016601660104,0.6187961985216474,0.627419533424,0.93,1990,6
tfidf,size_matched_label_masked_s47,l2-a06,N,paired_local_policy_replay,0.4766708701134931,0.3358624178047547,0.30053780449224926,0.735632183908046,0.7930010345368309,0.648363252375924,0.627419533424,0.93,2090,6
tfidf,size_matched_label_masked_s47,l2-a07,D,paired_local_policy_replay,0.44283646888567296,0.3319566339700568,0.3078856424756519,0.5667655786350149,0.5907998040071415,0.7551020408163265,0.601698788086,0.369893017656,1889,127
tfidf,size_matched_label_masked_s47,l2-a07,N,paired_local_policy_replay,0.4041095890410959,0.32280329174409345,0.3078856424756519,0.48857644991212656,0.575137699805461,0.7507246376811594,0.601698788086,0.369893017656,1784,125
tfidf,size_matched_label_masked_s47,l2-a08,D,paired_local_policy_replay,0.26666666666666666,0.3341127565601455,0.3374216407740529,0.37988826815642457,0.46346510717623446,0.6666666666666666,0.578945302421,0.915789002125,1985,6
tfidf,size_matched_label_masked_s47,l2-a08,N,paired_local_policy_replay,0.12413793103448276,0.32931305715783954,0.3374216407740529,0.18055555555555555,0.2876851191797313,0.6666666666666666,0.578945302421,0.915789002125,1950,6
tfidf,size_matched_label_masked_s47,l2-a09,D,paired_local_policy_replay,0.07792207792207792,0.3391003460207612,0.3494347379239466,0.16216216216216217,0.6382932756254318,0.46153846153846156,0.583433507552,0.669133322313,2142,46
tfidf,size_matched_label_masked_s47,l2-a09,N,paired_local_policy_replay,0.2127659574468085,0.3478040111703478,0.3494347379239466,0.46808510638297873,0.7302331032773763,0.46153846153846156,0.583433507552,0.669133322313,2041,40
tfidf,size_matched_label_masked_s47,l2-a10,D,paired_local_policy_replay,0.14173228346456693,0.33983008495752126,0.3463225806451613,0.25196850393700787,0.40008484742857625,0.5555555555555556,0.567814188315,0.91,2138,6
tfidf,size_matched_label_masked_s47,l2-a10,N,paired_local_policy_replay,0.1111111111111111,0.3420319229794781,0.3463225806451613,0.25,0.1443926005649715,0.5555555555555556,0.567814188315,0.91,2083,6
tfidf,size_matched_label_masked_s47,l2-a11,D,paired_local_policy_replay,0.34146341463414637,0.34071464519375944,0.34069072968060243,0.4715447154471545,0.4649429556539213,0.6470588235294118,0.564583073556,0.91,2110,6
tfidf,size_matched_label_masked_s47,l2-a11,N,paired_local_policy_replay,0.19753086419753085,0.3377416073245168,0.34069072968060243,0.24691358024691357,0.2462102394607193,0.6470588235294118,0.564583073556,0.91,2068,6
tfidf,size_matched_label_masked_s47,l2-a12,D,paired_local_policy_replay,0.2958199356913183,0.3411978221415608,0.34517766497461927,0.3935483870967742,0.4035574965266088,0.671875,0.595794268701,0.91,1993,6
tfidf,size_matched_label_masked_s47,l2-a12,N,paired_local_policy_replay,0.2857142857142857,0.34174860483656655,0.34517766497461927,0.423963133640553,0.3693727554706155,0.671875,0.595794268701,0.91,1900,5
e5_base_v2,review_filtered,l2-a01,D,structural_invariance_not_independent_replication,0.2222222222222222,0.327419717044689,0.3337300642704118,0.3829787234042553,0.4312634924419913,0.6781609195402298,0.871234253049,0.890274509788,2403,192
e5_base_v2,review_filtered,l2-a01,N,structural_invariance_not_independent_replication,0.12396694214876033,0.32230474904343914,0.3337300642704118,0.29045643153526973,0.30487169407844156,0.6296296296296297,0.871234253049,0.890274509788,2409,176
e5_base_v2,review_filtered,l2-a02,D,structural_invariance_not_independent_replication,0.08391608391608392,0.32740373789687005,0.3355048859934853,0.1267605633802817,0.11297531717035601,0.8604651162790697,0.871293872595,0.890274509788,2391,192
e5_base_v2,review_filtered,l2-a02,N,structural_invariance_not_independent_replication,0.14465408805031446,0.3223570190641248,0.3355048859934853,0.18238993710691823,0.12820352724859305,0.813953488372093,0.871293872595,0.890274509788,2567,191
e5_base_v2,review_filtered,l2-a03,D,structural_invariance_not_independent_replication,0.1700404858299595,0.32098765432098764,0.34405940594059403,0.18661257606490872,0.47887481194604375,0.8154613466334164,0.874612987041,0.890274509788,1677,191
e5_base_v2,review_filtered,l2-a03,N,structural_invariance_not_independent_replication,0.3092436974789916,0.3386464593676509,0.34405940594059403,0.327150084317032,0.49514819901479057,0.8678304239401496,0.874612987041,0.890274509788,1777,192
e5_base_v2,review_filtered,l2-a04,D,structural_invariance_not_independent_replication,0.0933852140077821,0.32674571805006586,0.3407028159180824,0.11023622047244094,0.14045414207141932,0.7272727272727273,0.870890378952,0.890274509788,2504,192
e5_base_v2,review_filtered,l2-a04,N,structural_invariance_not_independent_replication,0.06419753086419754,0.31688643130582733,0.3407028159180824,0.10396039603960396,0.15215566853768872,0.6363636363636364,0.870890378952,0.890274509788,2654,190
e5_base_v2,review_filtered,l2-a05,D,structural_invariance_not_independent_replication,0.40229885057471265,0.3271135683022345,0.3205609817180065,0.47761194029850745,0.5434884908579689,0.8016194331983806,0.871234253049,0.895632982254,2403,80
e5_base_v2,review_filtered,l2-a05,N,structural_invariance_not_independent_replication,0.39322033898305087,0.3255597014925373,0.3205609817180065,0.43389830508474575,0.4684393698689438,0.8135593220338984,0.871234253049,0.895632982254,2363,67
e5_base_v2,review_filtered,l2-a06,D,structural_invariance_not_independent_replication,0.47350620067643745,0.3225806451612903,0.2786885245901639,0.6512758201701093,0.7661503619145819,0.7382146439317954,0.873567178845,0.889242589474,1855,224
e5_base_v2,review_filtered,l2-a06,N,structural_invariance_not_independent_replication,0.5524974515800204,0.34532374100719426,0.2786885245901639,0.7190775681341719,0.7812786720285162,0.7617065556711758,0.873567178845,0.889242589474,1986,187
e5_base_v2,review_filtered,l2-a07,D,structural_invariance_not_independent_replication,0.42748091603053434,0.3260329645518176,0.29954441913439633,0.5838084378563284,0.598520749180618,0.7532097004279601,0.870890378952,0.897339880466,2504,67
e5_base_v2,review_filtered,l2-a07,N,structural_invariance_not_independent_replication,0.48903508771929827,0.33860759493670883,0.29954441913439633,0.5567928730512249,0.5427488080524622,0.85,0.870890378952,0.897339880466,2525,41
e5_base_v2,review_filtered,l2-a08,D,structural_invariance_not_independent_replication,0.11976047904191617,0.32740373789687005,0.33551708001871783,0.12048192771084337,0.19328688483151335,0.796812749003984,0.871293872595,0.890274509788,2391,192
e5_base_v2,review_filtered,l2-a08,N,structural_invariance_not_independent_replication,0.16766467065868262,0.3292051339788336,0.33551708001871783,0.18072289156626506,0.2702071931561488,0.7569721115537849,0.871293872595,0.890274509788,2391,192
e5_base_v2,review_filtered,l2-a09,D,structural_invariance_not_independent_replication,0.0903954802259887,0.3273462056578357,0.337152209492635,0.10650887573964497,0.3336223528098845,0.7096774193548387,0.871232837439,0.890274509788,2404,192
e5_base_v2,review_filtered,l2-a09,N,structural_invariance_not_independent_replication,0.06896551724137931,0.32335329341317365,0.337152209492635,0.09565217391304348,0.31701985123206183,0.7142857142857143,0.871232837439,0.890274509788,2465,186
e5_base_v2,review_filtered,l2-a10,D,structural_invariance_not_independent_replication,0.11570247933884298,0.327419717044689,0.3333333333333333,0.14035087719298245,0.09172773290337477,0.7222222222222222,0.871234253049,0.890274509788,2403,192
e5_base_v2,review_filtered,l2-a10,N,structural_invariance_not_independent_replication,0.0931899641577061,0.3188028627195836,0.3333333333333333,0.12274368231046931,0.0822061498107469,0.7222222222222222,0.871234253049,0.890274509788,2566,187
e5_base_v2,review_filtered,l2-a11,D,structural_invariance_not_independent_replication,0.20388349514563106,0.327419717044689,0.3334118201083118,0.23529411764705882,0.20481946588084854,0.8737864077669902,0.871234253049,0.890274509788,2403,192
e5_base_v2,review_filtered,l2-a11,N,structural_invariance_not_independent_replication,0.18110236220472442,0.32481670739835594,0.3334118201083118,0.2134387351778656,0.20695883817994176,0.6796116504854369,0.871234253049,0.890274509788,2452,191
e5_base_v2,review_filtered,l2-a12,D,structural_invariance_not_independent_replication,0.2636103151862464,0.32733003151733453,0.33276325433667236,0.36470588235294116,0.33272703177519247,0.6996197718631179,0.871234253049,0.890546113253,2403,181
e5_base_v2,review_filtered,l2-a12,N,structural_invariance_not_independent_replication,0.30994152046783624,0.3310033821871477,0.33276325433667236,0.38823529411764707,0.39416100818191396,0.8093385214007782,0.871234253049,0.890546113253,2403,174
e5_base_v2,label_masked_all_reviews,l2-a01,D,structural_invariance_not_independent_replication,0.2222222222222222,0.327419717044689,0.3337300642704118,0.3829787234042553,0.4312634924419913,0.6781609195402298,0.871234253049,0.890274509788,2403,192
e5_base_v2,label_masked_all_reviews,l2-a01,N,structural_invariance_not_independent_replication,0.12396694214876033,0.32230474904343914,0.3337300642704118,0.29045643153526973,0.30487169407844156,0.6296296296296297,0.871234253049,0.890274509788,2409,176
e5_base_v2,label_masked_all_reviews,l2-a02,D,structural_invariance_not_independent_replication,0.08391608391608392,0.32740373789687005,0.3355048859934853,0.1267605633802817,0.11297531717035601,0.8604651162790697,0.871293872595,0.890274509788,2391,192
e5_base_v2,label_masked_all_reviews,l2-a02,N,structural_invariance_not_independent_replication,0.14465408805031446,0.3223570190641248,0.3355048859934853,0.18238993710691823,0.12820352724859305,0.813953488372093,0.871293872595,0.890274509788,2567,191
e5_base_v2,label_masked_all_reviews,l2-a03,D,structural_invariance_not_independent_replication,0.1700404858299595,0.32098765432098764,0.34405940594059403,0.18661257606490872,0.47887481194604375,0.8154613466334164,0.874612987041,0.890274509788,1677,191
e5_base_v2,label_masked_all_reviews,l2-a03,N,structural_invariance_not_independent_replication,0.3092436974789916,0.3386464593676509,0.34405940594059403,0.327150084317032,0.49514819901479057,0.8678304239401496,0.874612987041,0.890274509788,1777,192
e5_base_v2,label_masked_all_reviews,l2-a04,D,structural_invariance_not_independent_replication,0.0933852140077821,0.32674571805006586,0.3407028159180824,0.11023622047244094,0.14045414207141932,0.7272727272727273,0.870890378952,0.890274509788,2504,192
e5_base_v2,label_masked_all_reviews,l2-a04,N,structural_invariance_not_independent_replication,0.06419753086419754,0.31688643130582733,0.3407028159180824,0.10396039603960396,0.15215566853768872,0.6363636363636364,0.870890378952,0.890274509788,2654,190
e5_base_v2,label_masked_all_reviews,l2-a05,D,structural_invariance_not_independent_replication,0.40229885057471265,0.3271135683022345,0.3205609817180065,0.47761194029850745,0.5434884908579689,0.8016194331983806,0.871234253049,0.895632982254,2403,80
e5_base_v2,label_masked_all_reviews,l2-a05,N,structural_invariance_not_independent_replication,0.39322033898305087,0.3255597014925373,0.3205609817180065,0.43389830508474575,0.4684393698689438,0.8135593220338984,0.871234253049,0.895632982254,2363,67
e5_base_v2,label_masked_all_reviews,l2-a06,D,structural_invariance_not_independent_replication,0.47350620067643745,0.3225806451612903,0.2786885245901639,0.6512758201701093,0.7661503619145819,0.7382146439317954,0.873567178845,0.889242589474,1855,224
e5_base_v2,label_masked_all_reviews,l2-a06,N,structural_invariance_not_independent_replication,0.5524974515800204,0.34532374100719426,0.2786885245901639,0.7190775681341719,0.7812786720285162,0.7617065556711758,0.873567178845,0.889242589474,1986,187
e5_base_v2,label_masked_all_reviews,l2-a07,D,structural_invariance_not_independent_replication,0.42748091603053434,0.3260329645518176,0.29954441913439633,0.5838084378563284,0.598520749180618,0.7532097004279601,0.870890378952,0.897339880466,2504,67
e5_base_v2,label_masked_all_reviews,l2-a07,N,structural_invariance_not_independent_replication,0.48903508771929827,0.33860759493670883,0.29954441913439633,0.5567928730512249,0.5427488080524622,0.85,0.870890378952,0.897339880466,2525,41
e5_base_v2,label_masked_all_reviews,l2-a08,D,structural_invariance_not_independent_replication,0.11976047904191617,0.32740373789687005,0.33551708001871783,0.12048192771084337,0.19328688483151335,0.796812749003984,0.871293872595,0.890274509788,2391,192
e5_base_v2,label_masked_all_reviews,l2-a08,N,structural_invariance_not_independent_replication,0.16766467065868262,0.3292051339788336,0.33551708001871783,0.18072289156626506,0.2702071931561488,0.7569721115537849,0.871293872595,0.890274509788,2391,192
e5_base_v2,label_masked_all_reviews,l2-a09,D,structural_invariance_not_independent_replication,0.0903954802259887,0.3273462056578357,0.337152209492635,0.10650887573964497,0.3336223528098845,0.7096774193548387,0.871232837439,0.890274509788,2404,192
e5_base_v2,label_masked_all_reviews,l2-a09,N,structural_invariance_not_independent_replication,0.06896551724137931,0.32335329341317365,0.337152209492635,0.09565217391304348,0.31701985123206183,0.7142857142857143,0.871232837439,0.890274509788,2465,186
e5_base_v2,label_masked_all_reviews,l2-a10,D,structural_invariance_not_independent_replication,0.11570247933884298,0.327419717044689,0.3333333333333333,0.14035087719298245,0.09172773290337477,0.7222222222222222,0.871234253049,0.890274509788,2403,192
e5_base_v2,label_masked_all_reviews,l2-a10,N,structural_invariance_not_independent_replication,0.0931899641577061,0.3188028627195836,0.3333333333333333,0.12274368231046931,0.0822061498107469,0.7222222222222222,0.871234253049,0.890274509788,2566,187
e5_base_v2,label_masked_all_reviews,l2-a11,D,structural_invariance_not_independent_replication,0.20388349514563106,0.327419717044689,0.3334118201083118,0.23529411764705882,0.20481946588084854,0.8737864077669902,0.871234253049,0.890274509788,2403,192
e5_base_v2,label_masked_all_reviews,l2-a11,N,structural_invariance_not_independent_replication,0.18110236220472442,0.32481670739835594,0.3334118201083118,0.2134387351778656,0.20695883817994176,0.6796116504854369,0.871234253049,0.890274509788,2452,191
e5_base_v2,label_masked_all_reviews,l2-a12,D,structural_invariance_not_independent_replication,0.2636103151862464,0.32733003151733453,0.33276325433667236,0.36470588235294116,0.33272703177519247,0.6996197718631179,0.871234253049,0.890546113253,2403,181
e5_base_v2,label_masked_all_reviews,l2-a12,N,structural_invariance_not_independent_replication,0.30994152046783624,0.3310033821871477,0.33276325433667236,0.38823529411764707,0.39416100818191396,0.8093385214007782,0.871234253049,0.890546113253,2403,174
frozen_qwen_candidate_pair,review_filtered,l2-a01,D,structural_invariance_not_independent_replication,0.5619047619047619,0.499431947284708,0.4963015986638034,0.6666666666666666,0.5153268672959153,0.8395061728395061,0.999999940395,0.99,2543,0
frozen_qwen_candidate_pair,review_filtered,l2-a01,N,structural_invariance_not_independent_replication,0.5759162303664922,0.49977179370150615,0.4963015986638034,0.6387434554973822,0.5037707578345116,0.8765432098765432,0.999999940395,0.99,2524,0
frozen_qwen_candidate_pair,review_filtered,l2-a02,D,structural_invariance_not_independent_replication,0.3118279569892473,0.499431947284708,0.5077105575326216,0.41935483870967744,0.2619698741765792,0.813953488372093,0.999999940395,0.99,2543,0
frozen_qwen_candidate_pair,review_filtered,l2-a02,N,structural_invariance_not_independent_replication,0.0,0.497443049744305,0.5077105575326216,0.0,0.24892285801965602,0.7906976744186046,0.999999940395,0.99,2444,0
frozen_qwen_candidate_pair,review_filtered,l2-a03,D,structural_invariance_not_independent_replication,0.5290697674418605,0.499431947284708,0.4903532205402196,0.562015503875969,0.44967440813594434,0.8977556109725686,0.999999940395,0.99,2543,0
frozen_qwen_candidate_pair,review_filtered,l2-a03,N,structural_invariance_not_independent_replication,0.3973941368078176,0.47602309816721067,0.4903532205402196,0.40716612377850164,0.5102819101984671,0.8902743142144638,0.999999940395,0.99,2125,0
frozen_qwen_candidate_pair,review_filtered,l2-a04,D,structural_invariance_not_independent_replication,0.125,0.499431947284708,0.5195116112042135,0.15178571428571427,0.08076417738783469,0.8181818181818182,0.999999940395,0.99,2543,0
frozen_qwen_candidate_pair,review_filtered,l2-a04,N,structural_invariance_not_independent_replication,0.09090909090909091,0.5150438284766643,0.5195116112042135,0.09090909090909091,0.09268217490590448,0.7727272727272727,0.999999940395,0.99,2363,0
frozen_qwen_candidate_pair,review_filtered,l2-a05,D,structural_invariance_not_independent_replication,0.6844106463878327,0.499431947284708,0.4876752054132431,0.714828897338403,0.5744770193222606,0.8983050847457628,0.999999940395,0.99,2543,0
frozen_qwen_candidate_pair,review_filtered,l2-a05,N,structural_invariance_not_independent_replication,0.6666666666666666,0.4962025316455696,0.4876752054132431,0.7053140096618358,0.7114428208857713,0.8813559322033898,0.999999940395,0.99,2487,0
frozen_qwen_candidate_pair,review_filtered,l2-a06,D,structural_invariance_not_independent_replication,0.4150453955901427,0.499431947284708,0.5173553719008265,0.4540682414698163,0.5525181009314329,0.7894179894179895,0.999999940395,0.99,2543,0
frozen_qwen_candidate_pair,review_filtered,l2-a06,N,structural_invariance_not_independent_replication,0.29252782193958665,0.4841512092040385,0.5173553719008265,0.3064516129032258,0.48347491623496086,0.8084656084656084,0.999999940395,0.99,2401,0
frozen_qwen_candidate_pair,review_filtered,l2-a07,D,structural_invariance_not_independent_replication,0.616600790513834,0.499431947284708,0.47501372872048325,0.6393659180977543,0.5310963453695433,0.8988095238095238,0.999999940395,0.99,2543,0
frozen_qwen_candidate_pair,review_filtered,l2-a07,N,structural_invariance_not_independent_replication,0.6357039187227866,0.5005772338951743,0.47501372872048325,0.6521106259097526,0.5787631672731153,0.8958333333333334,0.999999940395,0.99,2473,0
frozen_qwen_candidate_pair,review_filtered,l2-a08,D,structural_invariance_not_independent_replication,0.6377952755905512,0.499431947284708,0.4909573185435254,0.6798418972332015,0.5899697301141433,0.900398406374502,0.999999940395,0.99,2543,0
frozen_qwen_candidate_pair,review_filtered,l2-a08,N,structural_invariance_not_independent_replication,0.6305418719211823,0.4974712643678161,0.4909573185435254,0.6435643564356436,0.696262750702633,0.852589641434263,0.999999940395,0.99,2492,0
frozen_qwen_candidate_pair,review_filtered,l2-a09,D,structural_invariance_not_independent_replication,0.375,0.499431947284708,0.5008040431886056,0.375,0.2352844135167047,0.9230769230769231,0.999999940395,0.99,2543,0
frozen_qwen_candidate_pair,review_filtered,l2-a09,N,structural_invariance_not_independent_replication,0.5161290322580645,0.5009124087591241,0.5008040431886056,0.5161290322580645,0.37627872762675707,0.8461538461538461,0.999999940395,0.99,2526,0
frozen_qwen_candidate_pair,review_filtered,l2-a10,D,structural_invariance_not_independent_replication,0.24778761061946902,0.499431947284708,0.5060634328358209,0.2831858407079646,0.15778153488170707,0.8888888888888888,0.999999940395,0.99,2543,0
frozen_qwen_candidate_pair,review_filtered,l2-a10,N,structural_invariance_not_independent_replication,0.4406779661016949,0.505175983436853,0.5060634328358209,0.4745762711864407,0.3029972075907512,0.9444444444444444,0.999999940395,0.99,2489,0
frozen_qwen_candidate_pair,review_filtered,l2-a11,D,structural_invariance_not_independent_replication,0.28865979381443296,0.499431947284708,0.5091514143094842,0.35051546391752575,0.22084517875831536,0.8235294117647058,0.999999940395,0.99,2543,0
frozen_qwen_candidate_pair,review_filtered,l2-a11,N,structural_invariance_not_independent_replication,0.2981366459627329,0.5013736263736264,0.5091514143094842,0.36024844720496896,0.240948592149438,0.8431372549019608,0.999999940395,0.99,2510,0
frozen_qwen_candidate_pair,review_filtered,l2-a12,D,structural_invariance_not_independent_replication,0.622478386167147,0.499431947284708,0.48889985199802666,0.6685878962536023,0.5107513412886132,0.921875,0.999999940395,0.99,2543,0
frozen_qwen_candidate_pair,review_filtered,l2-a12,N,structural_invariance_not_independent_replication,0.6857142857142857,0.503089951934081,0.48889985199802666,0.7238095238095238,0.5794377391866824,0.9296875,0.999999940395,0.99,2511,0
frozen_qwen_candidate_pair,label_masked_all_reviews,l2-a01,D,structural_invariance_not_independent_replication,0.5619047619047619,0.499431947284708,0.4963015986638034,0.6666666666666666,0.5153268672959153,0.8395061728395061,0.999999940395,0.99,2543,0
frozen_qwen_candidate_pair,label_masked_all_reviews,l2-a01,N,structural_invariance_not_independent_replication,0.5759162303664922,0.49977179370150615,0.4963015986638034,0.6387434554973822,0.5037707578345116,0.8765432098765432,0.999999940395,0.99,2524,0
frozen_qwen_candidate_pair,label_masked_all_reviews,l2-a02,D,structural_invariance_not_independent_replication,0.3118279569892473,0.499431947284708,0.5077105575326216,0.41935483870967744,0.2619698741765792,0.813953488372093,0.999999940395,0.99,2543,0
frozen_qwen_candidate_pair,label_masked_all_reviews,l2-a02,N,structural_invariance_not_independent_replication,0.0,0.497443049744305,0.5077105575326216,0.0,0.24892285801965602,0.7906976744186046,0.999999940395,0.99,2444,0
frozen_qwen_candidate_pair,label_masked_all_reviews,l2-a03,D,structural_invariance_not_independent_replication,0.5290697674418605,0.499431947284708,0.4903532205402196,0.562015503875969,0.44967440813594434,0.8977556109725686,0.999999940395,0.99,2543,0
frozen_qwen_candidate_pair,label_masked_all_reviews,l2-a03,N,structural_invariance_not_independent_replication,0.3973941368078176,0.47602309816721067,0.4903532205402196,0.40716612377850164,0.5102819101984671,0.8902743142144638,0.999999940395,0.99,2125,0
frozen_qwen_candidate_pair,label_masked_all_reviews,l2-a04,D,structural_invariance_not_independent_replication,0.125,0.499431947284708,0.5195116112042135,0.15178571428571427,0.08076417738783469,0.8181818181818182,0.999999940395,0.99,2543,0
frozen_qwen_candidate_pair,label_masked_all_reviews,l2-a04,N,structural_invariance_not_independent_replication,0.09090909090909091,0.5150438284766643,0.5195116112042135,0.09090909090909091,0.09268217490590448,0.7727272727272727,0.999999940395,0.99,2363,0
frozen_qwen_candidate_pair,label_masked_all_reviews,l2-a05,D,structural_invariance_not_independent_replication,0.6844106463878327,0.499431947284708,0.4876752054132431,0.714828897338403,0.5744770193222606,0.8983050847457628,0.999999940395,0.99,2543,0
frozen_qwen_candidate_pair,label_masked_all_reviews,l2-a05,N,structural_invariance_not_independent_replication,0.6666666666666666,0.4962025316455696,0.4876752054132431,0.7053140096618358,0.7114428208857713,0.8813559322033898,0.999999940395,0.99,2487,0
frozen_qwen_candidate_pair,label_masked_all_reviews,l2-a06,D,structural_invariance_not_independent_replication,0.4150453955901427,0.499431947284708,0.5173553719008265,0.4540682414698163,0.5525181009314329,0.7894179894179895,0.999999940395,0.99,2543,0
frozen_qwen_candidate_pair,label_masked_all_reviews,l2-a06,N,structural_invariance_not_independent_replication,0.29252782193958665,0.4841512092040385,0.5173553719008265,0.3064516129032258,0.48347491623496086,0.8084656084656084,0.999999940395,0.99,2401,0
frozen_qwen_candidate_pair,label_masked_all_reviews,l2-a07,D,structural_invariance_not_independent_replication,0.616600790513834,0.499431947284708,0.47501372872048325,0.6393659180977543,0.5310963453695433,0.8988095238095238,0.999999940395,0.99,2543,0
frozen_qwen_candidate_pair,label_masked_all_reviews,l2-a07,N,structural_invariance_not_independent_replication,0.6357039187227866,0.5005772338951743,0.47501372872048325,0.6521106259097526,0.5787631672731153,0.8958333333333334,0.999999940395,0.99,2473,0
frozen_qwen_candidate_pair,label_masked_all_reviews,l2-a08,D,structural_invariance_not_independent_replication,0.6377952755905512,0.499431947284708,0.4909573185435254,0.6798418972332015,0.5899697301141433,0.900398406374502,0.999999940395,0.99,2543,0
frozen_qwen_candidate_pair,label_masked_all_reviews,l2-a08,N,structural_invariance_not_independent_replication,0.6305418719211823,0.4974712643678161,0.4909573185435254,0.6435643564356436,0.696262750702633,0.852589641434263,0.999999940395,0.99,2492,0
frozen_qwen_candidate_pair,label_masked_all_reviews,l2-a09,D,structural_invariance_not_independent_replication,0.375,0.499431947284708,0.5008040431886056,0.375,0.2352844135167047,0.9230769230769231,0.999999940395,0.99,2543,0
frozen_qwen_candidate_pair,label_masked_all_reviews,l2-a09,N,structural_invariance_not_independent_replication,0.5161290322580645,0.5009124087591241,0.5008040431886056,0.5161290322580645,0.37627872762675707,0.8461538461538461,0.999999940395,0.99,2526,0
frozen_qwen_candidate_pair,label_masked_all_reviews,l2-a10,D,structural_invariance_not_independent_replication,0.24778761061946902,0.499431947284708,0.5060634328358209,0.2831858407079646,0.15778153488170707,0.8888888888888888,0.999999940395,0.99,2543,0
frozen_qwen_candidate_pair,label_masked_all_reviews,l2-a10,N,structural_invariance_not_independent_replication,0.4406779661016949,0.505175983436853,0.5060634328358209,0.4745762711864407,0.3029972075907512,0.9444444444444444,0.999999940395,0.99,2489,0
frozen_qwen_candidate_pair,label_masked_all_reviews,l2-a11,D,structural_invariance_not_independent_replication,0.28865979381443296,0.499431947284708,0.5091514143094842,0.35051546391752575,0.22084517875831536,0.8235294117647058,0.999999940395,0.99,2543,0
frozen_qwen_candidate_pair,label_masked_all_reviews,l2-a11,N,structural_invariance_not_independent_replication,0.2981366459627329,0.5013736263736264,0.5091514143094842,0.36024844720496896,0.240948592149438,0.8431372549019608,0.999999940395,0.99,2510,0
frozen_qwen_candidate_pair,label_masked_all_reviews,l2-a12,D,structural_invariance_not_independent_replication,0.622478386167147,0.499431947284708,0.48889985199802666,0.6685878962536023,0.5107513412886132,0.921875,0.999999940395,0.99,2543,0
frozen_qwen_candidate_pair,label_masked_all_reviews,l2-a12,N,structural_invariance_not_independent_replication,0.6857142857142857,0.503089951934081,0.48889985199802666,0.7238095238095238,0.5794377391866824,0.9296875,0.999999940395,0.99,2511,0
dcwt_kernel_ridge,review_filtered,l2-a01,D,paired_local_policy_replay,0.08111239860950174,0.1793531525645214,0.1868025656796415,0.18944844124700239,0.11603575563881093,0.43902439024390244,0.18483627498355054,0.359478952059,9986,400
dcwt_kernel_ridge,review_filtered,l2-a01,N,paired_local_policy_replay,0.07725321888412018,0.17851051733939738,0.1868025656796415,0.17555555555555555,0.11374454992781256,0.45121951219512196,0.18483627498355054,0.359478952059,10052,403
dcwt_mean_seen_weight,review_filtered,l2-a01,D,paired_local_policy_replay,0.06148590947907771,0.15251720880010797,0.16032827727705723,0.14235500878734622,0.10487620360296554,0.43902439024390244,0.0004006207587172736,0.359478952059,12528,432
dcwt_mean_seen_weight,review_filtered,l2-a01,N,paired_local_policy_replay,0.0631938514090521,0.152652179781347,0.16032827727705723,0.14235500878734622,0.10487620360296554,0.45121951219512196,0.0004006207587172736,0.359478952059,12528,432
dcwt_nearest_description_weight,review_filtered,l2-a01,D,paired_local_policy_replay,0.0765661252900232,0.20216537319153013,0.21347258485639686,0.17462165308498254,0.08726285019359174,0.43209876543209874,0.19979435921655989,0.904789888768,8543,36
dcwt_nearest_description_weight,review_filtered,l2-a01,N,paired_local_policy_replay,0.07888631090487239,0.20235699913768324,0.21347258485639686,0.17462165308498254,0.08726285019359174,0.4444444444444444,0.19979435921655989,0.904789888768,8543,36
dcwt_cosine_barycentric_weight,review_filtered,l2-a01,D,paired_local_policy_replay,0.06593406593406594,0.1694431937565661,0.17868236063429785,0.15283018867924528,0.12737135377710335,0.43902439024390244,0.05232736523226007,0.359478952059,11055,413
dcwt_cosine_barycentric_weight,review_filtered,l2-a01,N,paired_local_policy_replay,0.06613047363717604,0.16925035572530517,0.17868236063429785,0.14917127071823205,0.12559815097230306,0.45121951219512196,0.05232736523226007,0.359478952059,11081,414
dcwt_kernel_ridge,review_filtered,l2-a02,D,paired_local_policy_replay,0.12488174077578051,0.20825979527003177,0.21683698296836984,0.15939278937381404,0.11120908816599101,0.7861271676300579,0.22718752375895887,0.901157036301,9434,40
dcwt_kernel_ridge,review_filtered,l2-a02,N,paired_local_policy_replay,0.08600182982616651,0.2042575650950035,0.21683698296836984,0.15808823529411764,0.10763219266800386,0.5433526011560693,0.22718752375895887,0.901157036301,9468,42
dcwt_mean_seen_weight,review_filtered,l2-a02,D,paired_local_policy_replay,0.11704834605597965,0.1762436268430481,0.18147731533558306,0.15140845070422534,0.10661727339535887,0.770949720670391,0.00016031864334672204,0.377165747848,12160,496
dcwt_mean_seen_weight,review_filtered,l2-a02,N,paired_local_policy_replay,0.08333333333333333,0.1735235338708566,0.18147731533558306,0.15140845070422534,0.10661727339535887,0.5444444444444444,0.00016031864334672204,0.377165747848,12160,493
dcwt_nearest_description_weight,review_filtered,l2-a02,D,paired_local_policy_replay,0.13392857142857142,0.21203855246408437,0.21896654127895465,0.17002237136465326,0.1087382519266203,0.7861271676300579,0.24060369488380623,0.901157036301,9101,39
dcwt_nearest_description_weight,review_filtered,l2-a02,N,paired_local_policy_replay,0.09131403118040089,0.20854545454545453,0.21896654127895465,0.17002237136465326,0.1087382519266203,0.5433526011560693,0.24060369488380623,0.901157036301,9101,41
dcwt_cosine_barycentric_weight,review_filtered,l2-a02,D,paired_local_policy_replay,0.12942366026289182,0.20334402972470866,0.21008016216714273,0.1641337386018237,0.11628080220419841,0.7861271676300579,0.17548817456583046,0.901157036301,9942,42
dcwt_cosine_barycentric_weight,review_filtered,l2-a02,N,paired_local_policy_replay,0.08557213930348259,0.19952774498229045,0.21008016216714273,0.16183816183816183,0.11599714635664338,0.5433526011560693,0.17548817456583046,0.901157036301,9956,44
dcwt_kernel_ridge,review_filtered,l2-a03,D,paired_local_policy_replay,0.26705653021442494,0.22629969418960244,0.22070626003210272,0.4756335282651072,0.4114506454465062,0.6184538653366584,0.41147015671877135,0.942758699296,6638,6
dcwt_kernel_ridge,review_filtered,l2-a03,N,paired_local_policy_replay,0.2612011439466158,0.2256891495601173,0.22070626003210272,0.4637404580152672,0.403708750678835,0.6201743462017435,0.41147015671877135,0.942758699296,6660,7
dcwt_mean_seen_weight,review_filtered,l2-a03,D,paired_local_policy_replay,0.19597989949748743,0.22658178511108223,0.23011157803216925,0.36432160804020103,0.40640990311464076,0.6184538653366584,0.44495483312066697,0.942758699296,5835,4
dcwt_mean_seen_weight,review_filtered,l2-a03,N,paired_local_policy_replay,0.19824341279799249,0.22681215900233828,0.23011157803216925,0.36432160804020103,0.40640990311464076,0.6201743462017435,0.44495483312066697,0.942758699296,5835,5
dcwt_nearest_description_weight,review_filtered,l2-a03,D,paired_local_policy_replay,0.3065825067628494,0.2451285598985357,0.23611845584346908,0.5374211000901713,0.4473492101589024,0.6184538653366584,0.3081771502507572,0.944124859049,6810,5
dcwt_nearest_description_weight,review_filtered,l2-a03,N,paired_local_policy_replay,0.3081081081081081,0.24533087387595112,0.23611845584346908,0.5374211000901713,0.4473492101589024,0.6201743462017435,0.3081771502507572,0.944124859049,6810,6
dcwt_cosine_barycentric_weight,review_filtered,l2-a03,D,paired_local_policy_replay,0.2575024201355276,0.21515576156084942,0.20984958757884523,0.462729912875121,0.40502975850485823,0.6184538653366584,0.36107500280781724,0.944124859049,7413,6
dcwt_cosine_barycentric_weight,review_filtered,l2-a03,N,paired_local_policy_replay,0.26220095693779905,0.21573904618365808,0.20984958757884523,0.46360153256704983,0.4037929871916998,0.6201743462017435,0.36107500280781724,0.944124859049,7424,7
dcwt_kernel_ridge,review_filtered,l2-a04,D,paired_local_policy_replay,0.029197080291970802,0.2213876967095851,0.23941320293398533,0.04597701149425287,0.06730677653326272,0.6363636363636364,0.05741193367580772,0.921666795464,9302,24
dcwt_kernel_ridge,review_filtered,l2-a04,N,paired_local_policy_replay,0.026465028355387523,0.2194451830187007,0.23941320293398533,0.04170616113744076,0.04679965552483262,0.6363636363636364,0.05741193367580772,0.921666795464,9400,25
dcwt_mean_seen_weight,review_filtered,l2-a04,D,paired_local_policy_replay,0.025247971145175834,0.17596595978313087,0.18838211261328183,0.04093023255813953,0.059377157531689276,0.6086956521739131,0.0005086935825001531,0.39527810825,12306,407
dcwt_mean_seen_weight,review_filtered,l2-a04,N,paired_local_policy_replay,0.026905829596412557,0.17603073334705358,0.18838211261328183,0.04093023255813953,0.059377157531689276,0.6,0.0005086935825001531,0.39527810825,12306,413
dcwt_nearest_description_weight,review_filtered,l2-a04,D,paired_local_policy_replay,0.026530612244897958,0.22070178868145832,0.24127121392281917,0.043121149897330596,0.020827155011867646,0.6363636363636364,0.3210591794699283,0.898303139007,8331,42
dcwt_nearest_description_weight,review_filtered,l2-a04,N,paired_local_policy_replay,0.026530612244897958,0.22070178868145832,0.24127121392281917,0.043121149897330596,0.020827155011867646,0.6363636363636364,0.3210591794699283,0.898303139007,8331,42
dcwt_cosine_barycentric_weight,review_filtered,l2-a04,D,paired_local_policy_replay,0.027450980392156862,0.2034536377772322,0.21948388248950798,0.043222003929273084,0.08981973070367391,0.6363636363636364,0.027301382082037865,0.921666795464,10334,27
dcwt_cosine_barycentric_weight,review_filtered,l2-a04,N,paired_local_policy_replay,0.026794258373205742,0.20303822280300554,0.21948388248950798,0.04222648752399232,0.09616692473391186,0.6363636363636364,0.027301382082037865,0.921666795464,10358,28
dcwt_kernel_ridge,review_filtered,l2-a05,D,paired_local_policy_replay,0.1654320987654321,0.24961513085550913,0.25784645098986,0.2103960396039604,0.12993267207729586,0.7932489451476793,0.27093574388741615,0.91123212908,7210,26
dcwt_kernel_ridge,review_filtered,l2-a05,N,paired_local_policy_replay,0.1414141414141414,0.24653950953678475,0.25784645098986,0.18489289740698986,0.11992893964899395,0.7932489451476793,0.27093574388741615,0.91123212908,7289,28
dcwt_mean_seen_weight,review_filtered,l2-a05,D,paired_local_policy_replay,0.15940838126540674,0.1738188709895763,0.17511248801357232,0.20153714773697695,0.12477324866398216,0.7918367346938775,8.382307712300193e-05,0.395507141112,12422,494
dcwt_mean_seen_weight,review_filtered,l2-a05,N,paired_local_policy_replay,0.15841584158415842,0.17374229805674046,0.17511248801357232,0.20153714773697695,0.12477324866398216,0.8,8.382307712300193e-05,0.395507141112,12422,489
dcwt_nearest_description_weight,review_filtered,l2-a05,D,paired_local_policy_replay,0.17400204708290687,0.2303077220824463,0.23618681201239713,0.2235897435897436,0.14327885947167823,0.7932489451476793,0.1959789368563772,0.91123212908,8445,31
dcwt_nearest_description_weight,review_filtered,l2-a05,N,paired_local_policy_replay,0.17400204708290687,0.2303077220824463,0.23618681201239713,0.2235897435897436,0.14327885947167823,0.7932489451476793,0.1959789368563772,0.91123212908,8445,31
dcwt_cosine_barycentric_weight,review_filtered,l2-a05,D,paired_local_policy_replay,0.13550135501355012,0.2203132895401718,0.22714862946379819,0.19047619047619047,0.12468963514317877,0.7932489451476793,0.3269596296171442,0.900680470333,7998,39
dcwt_cosine_barycentric_weight,review_filtered,l2-a05,N,paired_local_policy_replay,0.13695090439276486,0.2201188198570134,0.22714862946379819,0.18961038961038962,0.12326762687852451,0.7932489451476793,0.3269596296171442,0.900680470333,8033,40
dcwt_kernel_ridge,review_filtered,l2-a06,D,paired_local_policy_replay,0.2905525846702317,0.20221318452662443,0.1917257433075865,0.5837837837837838,0.5233415293078717,0.6181434599156118,0.24144218151630506,0.874932912354,8663,52
dcwt_kernel_ridge,review_filtered,l2-a06,N,paired_local_policy_replay,0.3614457831325301,0.21030811269198152,0.1917257433075865,0.6046915725456126,0.5280879546001239,0.6413502109704642,0.24144218151630506,0.874932912354,8704,51
dcwt_mean_seen_weight,review_filtered,l2-a06,D,paired_local_policy_replay,0.3786531130876747,0.17332246672099974,0.14874524714828896,0.6152832674571805,0.5004921086530737,0.6164948453608248,2.9217177862413062e-05,0.368836594499,12391,475
dcwt_mean_seen_weight,review_filtered,l2-a06,N,paired_local_policy_replay,0.39436619718309857,0.17482327351821642,0.14874524714828896,0.6152832674571805,0.5004921086530737,0.6396677050882659,2.9217177862413062e-05,0.368836594499,12391,463
dcwt_nearest_description_weight,review_filtered,l2-a06,D,paired_local_policy_replay,0.36024844720496896,0.21372456223379083,0.19338148108224643,0.6352201257861635,0.5343379948834246,0.6181434599156118,0.255020177019113,0.874932912354,8652,55
dcwt_nearest_description_weight,review_filtered,l2-a06,N,paired_local_policy_replay,0.3853923853923854,0.2167739492616433,0.19338148108224643,0.6352201257861635,0.5343379948834246,0.6413502109704642,0.255020177019113,0.874932912354,8652,54
dcwt_cosine_barycentric_weight,review_filtered,l2-a06,D,paired_local_policy_replay,0.37140854940434476,0.191861389286282,0.16889287315105334,0.6236711552090716,0.5192588427410383,0.6181434599156118,0.09586037522400825,0.874932912354,10653,71
dcwt_cosine_barycentric_weight,review_filtered,l2-a06,N,paired_local_policy_replay,0.3988995873452545,0.1954159727178999,0.16889287315105334,0.6268241834607367,0.5209499732585903,0.6413502109704642,0.09586037522400825,0.874932912354,10681,70
dcwt_kernel_ridge,review_filtered,l2-a07,D,paired_local_policy_replay,0.34173669467787116,0.23330479452054795,0.21926749667593376,0.46124031007751937,0.35151794718553636,0.7514450867052023,0.36639471005302476,0.379253500813,6936,550
dcwt_kernel_ridge,review_filtered,l2-a07,N,paired_local_policy_replay,0.3365638766519824,0.23341836734693877,0.21926749667593376,0.4495837187789084,0.32037725453515387,0.7331460674157303,0.36639471005302476,0.379253500813,6985,565
dcwt_mean_seen_weight,review_filtered,l2-a07,D,paired_local_policy_replay,0.3611111111111111,0.17772901810202962,0.15763846622032868,0.4813218390804598,0.30179235976449714,0.7525325615050651,0.0015015712140261205,0.379260507224,12043,683
dcwt_mean_seen_weight,review_filtered,l2-a07,N,paired_local_policy_replay,0.3563139931740614,0.17756177698678896,0.15763846622032868,0.4813218390804598,0.30179235976449714,0.7331460674157303,0.0015015712140261205,0.379260507224,12043,708
dcwt_nearest_description_weight,review_filtered,l2-a07,D,paired_local_policy_replay,0.31368993653671806,0.2280295047418335,0.21676403958507215,0.43732327992459946,0.3124652220123979,0.7514450867052023,0.36591562189420057,0.379253500813,7072,560
dcwt_nearest_description_weight,review_filtered,l2-a07,N,paired_local_policy_replay,0.3777596075224857,0.2372528616024974,0.21676403958507215,0.4978392394122731,0.4366440116830932,0.7331460674157303,0.36591562189420057,0.379253500813,7168,584
dcwt_cosine_barycentric_weight,review_filtered,l2-a07,D,paired_local_policy_replay,0.3143939393939394,0.21725612125923047,0.2061498484192291,0.4295566502463054,0.3400262840391526,0.7514450867052023,0.3097184937381652,0.379253500813,7855,579
dcwt_cosine_barycentric_weight,review_filtered,l2-a07,N,paired_local_policy_replay,0.3131407269338304,0.2172858667184014,0.2061498484192291,0.426197458455523,0.33615706192963063,0.7331460674157303,0.3097184937381652,0.379253500813,7863,588
dcwt_kernel_ridge,review_filtered,l2-a08,D,paired_local_policy_replay,0.17970049916805325,0.21654676258992805,0.2186519631143645,0.29333333333333333,0.32835528511450085,0.6613545816733067,0.03152249509742532,0.945184171661,9250,12
dcwt_kernel_ridge,review_filtered,l2-a08,N,paired_local_policy_replay,0.1815068493150685,0.21669818967846527,0.2186519631143645,0.29845626072041165,0.3185864223829694,0.6613545816733067,0.03152249509742532,0.945184171661,9233,12
dcwt_mean_seen_weight,review_filtered,l2-a08,D,paired_local_policy_replay,0.14408233276157806,0.1784077892325315,0.18153413529136073,0.2153316106804479,0.3218285257688065,0.6666666666666666,0.01222097146931428,0.910225436784,12067,43
dcwt_mean_seen_weight,review_filtered,l2-a08,N,paired_local_policy_replay,0.14408233276157806,0.1784077892325315,0.18153413529136073,0.2153316106804479,0.3218285257688065,0.6666666666666666,0.01222097146931428,0.910225436784,12067,43
dcwt_nearest_description_weight,review_filtered,l2-a08,D,paired_local_policy_replay,0.18958611481975968,0.1991249071245769,0.19975360788454768,0.29451137884872824,0.3370807570328801,0.6666666666666666,0.16482401149054526,0.921396540275,10231,24
dcwt_nearest_description_weight,review_filtered,l2-a08,N,paired_local_policy_replay,0.18958611481975968,0.1991249071245769,0.19975360788454768,0.29451137884872824,0.3370807570328801,0.6666666666666666,0.16482401149054526,0.921396540275,10231,24
dcwt_cosine_barycentric_weight,review_filtered,l2-a08,D,paired_local_policy_replay,0.1575408261287224,0.18366138819002517,0.1858414174617173,0.23699421965317918,0.3186302030433788,0.6666666666666666,0.00034090413374156817,0.921396540275,11625,31
dcwt_cosine_barycentric_weight,review_filtered,l2-a08,N,paired_local_policy_replay,0.16,0.18387909319899245,0.1858414174617173,0.24070450097847357,0.31569618092710083,0.6666666666666666,0.00034090413374156817,0.921396540275,11609,31
dcwt_kernel_ridge,review_filtered,l2-a09,D,paired_local_policy_replay,0.02100840336134454,0.2197885915627083,0.22922693266832916,0.046610169491525424,0.12323577888722945,0.46153846153846156,0.2877870125626938,0.89949813473,8599,44
dcwt_kernel_ridge,review_filtered,l2-a09,N,paired_local_policy_replay,0.02040816326530612,0.21949595815501663,0.22922693266832916,0.04526748971193416,0.1255130969638825,0.46153846153846156,0.2877870125626938,0.89949813473,8613,44
dcwt_mean_seen_weight,review_filtered,l2-a09,D,paired_local_policy_replay,0.0108499095840868,0.17374256354786372,0.18690632763407863,0.024299065420560748,0.1259212196550952,0.46153846153846156,0.0015621451606267272,0.390605343217,12517,417
dcwt_mean_seen_weight,review_filtered,l2-a09,N,paired_local_policy_replay,0.012669683257918552,0.17388952741532013,0.18690632763407863,0.024299065420560748,0.1259212196550952,0.5,0.0015621451606267272,0.390605343217,12517,416
dcwt_nearest_description_weight,review_filtered,l2-a09,D,paired_local_policy_replay,0.0196078431372549,0.20448249811130698,0.21275103043058843,0.04330708661417323,0.1230960059726004,0.46153846153846156,0.17745295625490592,0.922549129281,10033,22
dcwt_nearest_description_weight,review_filtered,l2-a09,N,paired_local_policy_replay,0.014534883720930232,0.2014721693821851,0.21275103043058843,0.034934497816593885,0.089099332878211,0.46153846153846156,0.17745295625490592,0.922549129281,10212,21
dcwt_cosine_barycentric_weight,review_filtered,l2-a09,D,paired_local_policy_replay,0.01288936627282492,0.18586250653131298,0.1987806834590085,0.028017241379310345,0.1288191626967442,0.46153846153846156,0.0637135979070348,0.922549129281,11511,28
dcwt_cosine_barycentric_weight,review_filtered,l2-a09,N,paired_local_policy_replay,0.012917115177610334,0.1858902575587906,0.1987806834590085,0.028047464940668825,0.12676196527632122,0.46153846153846156,0.0637135979070348,0.922549129281,11510,27
dcwt_kernel_ridge,review_filtered,l2-a10,D,paired_local_policy_replay,0.033783783783783786,0.20697278911564626,0.21615329512893983,0.05752961082910321,0.2543016349543297,0.5555555555555556,0.1996794175516641,0.921980416725,9880,22
dcwt_kernel_ridge,review_filtered,l2-a10,N,paired_local_policy_replay,0.03372681281618887,0.20695519088512881,0.21615329512893983,0.057432432432432436,0.25178256622401296,0.5555555555555556,0.1996794175516641,0.921980416725,9881,22
dcwt_mean_seen_weight,review_filtered,l2-a10,D,paired_local_policy_replay,0.01858736059479554,0.17562949013043175,0.188371917653269,0.03361344537815126,0.19120979009694786,0.5555555555555556,0.0002986424048123889,0.898137898003,12411,68
dcwt_mean_seen_weight,review_filtered,l2-a10,N,paired_local_policy_replay,0.018570102135561744,0.17561724089831218,0.188371917653269,0.03361344537815126,0.19120979009694786,0.5555555555555556,0.0002986424048123889,0.898137898003,12411,69
dcwt_nearest_description_weight,review_filtered,l2-a10,D,paired_local_policy_replay,0.04024144869215292,0.21726872246696036,0.22537547221966275,0.06854838709677419,0.21530407737910587,0.5555555555555556,0.12563096079028144,0.921980416725,9473,19
dcwt_nearest_description_weight,review_filtered,l2-a10,N,paired_local_policy_replay,0.04024144869215292,0.21726872246696036,0.22537547221966275,0.06854838709677419,0.21530407737910587,0.5555555555555556,0.12563096079028144,0.921980416725,9473,19
dcwt_cosine_barycentric_weight,review_filtered,l2-a10,D,paired_local_policy_replay,0.0186219739292365,0.17565399372166027,0.188371917653269,0.03367633302151544,0.20070177648616824,0.5555555555555556,0.0002928757260939325,0.898137898003,12409,68
dcwt_cosine_barycentric_weight,review_filtered,l2-a10,N,paired_local_policy_replay,0.018604651162790697,0.17564174107142858,0.188371917653269,0.03367633302151544,0.20065734044875996,0.5555555555555556,0.0002928757260939325,0.898137898003,12409,69
dcwt_kernel_ridge,review_filtered,l2-a11,D,paired_local_policy_replay,0.05894308943089431,0.21016830906078313,0.22436325479347516,0.09183673469387756,0.0777220921206491,0.6470588235294118,0.20921313599561953,0.904493380339,9569,40
dcwt_kernel_ridge,review_filtered,l2-a11,N,paired_local_policy_replay,0.05853658536585366,0.20959332638164754,0.22436325479347516,0.09215686274509804,0.07638477794545578,0.6470588235294118,0.20921313599561953,0.904493380339,9609,41
dcwt_mean_seen_weight,review_filtered,l2-a11,D,paired_local_policy_replay,0.057391304347826085,0.17559847660500544,0.18562785893463185,0.09239130434782608,0.09260264321619487,0.6055045871559633,0.00018579981836484974,0.379912211364,12360,486
dcwt_mean_seen_weight,review_filtered,l2-a11,N,paired_local_policy_replay,0.05887445887445888,0.1756747569515263,0.18562785893463185,0.09239130434782608,0.09260264321619487,0.6181818181818182,0.00018579981836484974,0.379912211364,12360,491
dcwt_nearest_description_weight,review_filtered,l2-a11,D,paired_local_policy_replay,0.05823293172690763,0.21675605696319586,0.2328376451415767,0.09283551967709384,0.07823543457818863,0.6470588235294118,0.25812672809698195,0.904493380339,8917,39
dcwt_nearest_description_weight,review_filtered,l2-a11,N,paired_local_policy_replay,0.05823293172690763,0.21675605696319586,0.2328376451415767,0.09283551967709384,0.07823543457818863,0.6470588235294118,0.25812672809698195,0.904493380339,8917,39
dcwt_cosine_barycentric_weight,review_filtered,l2-a11,D,paired_local_policy_replay,0.06157112526539278,0.20839064649243466,0.22132834424695977,0.09594882729211088,0.07786661027461868,0.6470588235294118,0.19040999497175962,0.904493380339,9733,41
dcwt_cosine_barycentric_weight,review_filtered,l2-a11,N,paired_local_policy_replay,0.060353798126951096,0.2080508110891769,0.22132834424695977,0.09404388714733543,0.07808188078357042,0.6470588235294118,0.19040999497175962,0.904493380339,9752,41
dcwt_kernel_ridge,review_filtered,l2-a12,D,paired_local_policy_replay,0.1503623188405797,0.20866413531239214,0.2148035101106448,0.22665457842248413,0.14702590053338116,0.671875,0.199576942074876,0.91,9710,20
dcwt_kernel_ridge,review_filtered,l2-a12,N,paired_local_policy_replay,0.14742451154529307,0.2082687338501292,0.2148035101106448,0.2226179875333927,0.13960307817176454,0.671875,0.199576942074876,0.91,9730,22
dcwt_mean_seen_weight,review_filtered,l2-a12,D,paired_local_policy_replay,0.14502529510961215,0.17541155866900174,0.17816487126594852,0.21676545300592717,0.1602282341437335,0.671875,3.969239504164415e-05,0.884494031989,12348,69
dcwt_mean_seen_weight,review_filtered,l2-a12,N,paired_local_policy_replay,0.14490311710193765,0.17539927150462314,0.17816487126594852,0.21676545300592717,0.1602282341437335,0.671875,3.969239504164415e-05,0.884494031989,12348,70
dcwt_nearest_description_weight,review_filtered,l2-a12,D,paired_local_policy_replay,0.14173228346456693,0.218690881573969,0.22687316868982838,0.22332015810276679,0.12267206910352091,0.671875,0.2730507155989048,0.884316762652,8669,45
dcwt_nearest_description_weight,review_filtered,l2-a12,N,paired_local_policy_replay,0.14173228346456693,0.218690881573969,0.22687316868982838,0.22332015810276679,0.12267206910352091,0.671875,0.2730507155989048,0.884316762652,8669,45
dcwt_cosine_barycentric_weight,review_filtered,l2-a12,D,paired_local_policy_replay,0.15913555992141454,0.21005839797786108,0.21501673840267815,0.23968565815324164,0.1578467246092999,0.671875,0.20339656778463344,0.91,9596,19
dcwt_cosine_barycentric_weight,review_filtered,l2-a12,N,paired_local_policy_replay,0.15472779369627507,0.20952877760389496,0.21501673840267815,0.23518164435946462,0.15504062235100668,0.671875,0.20339656778463344,0.91,9624,20
dcwt_kernel_ridge,label_masked_all_reviews,l2-a01,D,paired_local_policy_replay,0.0857843137254902,0.1833887043189369,0.1904846756949394,0.20076238881829733,0.1353567423207673,0.43902439024390244,0.20129035327850142,0.359593842563,9761,421
dcwt_kernel_ridge,label_masked_all_reviews,l2-a01,N,paired_local_policy_replay,0.0821917808219178,0.18264462809917356,0.1904846756949394,0.18654073199527746,0.13169267704951876,0.45121951219512196,0.20129035327850142,0.359593842563,9821,421
dcwt_mean_seen_weight,label_masked_all_reviews,l2-a01,D,paired_local_policy_replay,0.061696658097686374,0.15549010206178504,0.16363907087552115,0.14285714285714285,0.08675839096899186,0.43902439024390244,9.22930332581496e-05,0.359593842563,12290,451
dcwt_mean_seen_weight,label_masked_all_reviews,l2-a01,N,paired_local_policy_replay,0.06341045415595545,0.155627097746421,0.16363907087552115,0.14285714285714285,0.08675839096899186,0.45121951219512196,9.22930332581496e-05,0.359593842563,12290,451
dcwt_nearest_description_weight,label_masked_all_reviews,l2-a01,D,paired_local_policy_replay,0.07971864009378664,0.20445810914681015,0.21559392987964415,0.17882352941176471,0.08633642384762258,0.43209876543209874,0.19674733352774418,0.905216783894,8510,40
dcwt_nearest_description_weight,label_masked_all_reviews,l2-a01,N,paired_local_policy_replay,0.08206330597889801,0.20465026902382782,0.21559392987964415,0.17882352941176471,0.08633642384762258,0.4444444444444444,0.19674733352774418,0.905216783894,8510,40
dcwt_cosine_barycentric_weight,label_masked_all_reviews,l2-a01,D,paired_local_policy_replay,0.06666666666666667,0.16729587682285885,0.17603990666988495,0.15458015267175573,0.12150180481140854,0.43902439024390244,0.07977798318257862,0.359593842563,11212,439
dcwt_cosine_barycentric_weight,label_masked_all_reviews,l2-a01,N,paired_local_policy_replay,0.06684733514001806,0.1671099290780142,0.17603990666988495,0.15069767441860465,0.12040960836621141,0.45121951219512196,0.07977798318257862,0.359593842563,11239,439
dcwt_kernel_ridge,label_masked_all_reviews,l2-a02,D,paired_local_policy_replay,0.124282982791587,0.20910863016126174,0.2177734375,0.15915627996164908,0.11426752672214627,0.7861271676300579,0.22664577316473075,0.907934952751,9388,40
dcwt_kernel_ridge,label_masked_all_reviews,l2-a02,N,paired_local_policy_replay,0.0847926267281106,0.20503311258278145,0.2177734375,0.15925925925925927,0.11384033708302699,0.5317919075144508,0.22664577316473075,0.907934952751,9425,42
dcwt_mean_seen_weight,label_masked_all_reviews,l2-a02,D,paired_local_policy_replay,0.11704834605597965,0.17357055548010322,0.17848970251716248,0.15100965759438104,0.09093684014802389,0.7796610169491526,3.542049590407722e-05,0.378122381016,12381,487
dcwt_mean_seen_weight,label_masked_all_reviews,l2-a02,N,paired_local_policy_replay,0.08163265306122448,0.17075324322488622,0.17848970251716248,0.15100965759438104,0.09093684014802389,0.5393258426966292,3.542049590407722e-05,0.378122381016,12381,484
dcwt_nearest_description_weight,label_masked_all_reviews,l2-a02,D,paired_local_policy_replay,0.13166855845629966,0.22789935409235515,0.23683101559207753,0.17045454545454544,0.1349810947044693,0.7861271676300579,0.19088507243558317,0.907934952751,8486,29
dcwt_nearest_description_weight,label_masked_all_reviews,l2-a02,N,paired_local_policy_replay,0.09297052154195011,0.2245999614420667,0.23683101559207753,0.17045454545454544,0.1349810947044693,0.5317919075144508,0.19088507243558317,0.907934952751,8486,30
dcwt_cosine_barycentric_weight,label_masked_all_reviews,l2-a02,D,paired_local_policy_replay,0.1308016877637131,0.20776732845698362,0.21469248291571755,0.16701902748414377,0.11806479187242762,0.7861271676300579,0.20320161379515397,0.907934952751,9585,41
dcwt_cosine_barycentric_weight,label_masked_all_reviews,l2-a02,N,paired_local_policy_replay,0.08722741433021806,0.20401774067310202,0.21469248291571755,0.16475495307612095,0.11774928237155184,0.5317919075144508,0.20320161379515397,0.907934952751,9598,43
dcwt_kernel_ridge,label_masked_all_reviews,l2-a03,D,paired_local_policy_replay,0.3019571295433364,0.23517340447363022,0.2269111034244206,0.49207828518173347,0.3873121987667657,0.6209476309226932,0.0871859607319053,0.95,7878,10
dcwt_kernel_ridge,label_masked_all_reviews,l2-a03,N,paired_local_policy_replay,0.29444444444444445,0.23438941864041835,0.2269111034244206,0.4819277108433735,0.3872335936581251,0.6201743462017435,0.0871859607319053,0.95,7884,11
dcwt_mean_seen_weight,label_masked_all_reviews,l2-a03,D,paired_local_policy_replay,0.20817843866171004,0.2279895691046815,0.2301959701904499,0.36926889714993805,0.4021863913115199,0.6209476309226932,0.4010334415977239,0.95,6191,4
dcwt_mean_seen_weight,label_masked_all_reviews,l2-a03,N,paired_local_policy_replay,0.2079207920792079,0.22796126148497642,0.2301959701904499,0.36926889714993805,0.4021863913115199,0.6201743462017435,0.4010334415977239,0.95,6191,5
dcwt_nearest_description_weight,label_masked_all_reviews,l2-a03,D,paired_local_policy_replay,0.24242424242424243,0.2833597464342314,0.2895168641750228,0.3781818181818182,0.40232499839323055,0.6209476309226932,0.43694981393403065,0.95,4449,3
dcwt_nearest_description_weight,label_masked_all_reviews,l2-a03,N,paired_local_policy_replay,0.24,0.2830427892234548,0.2895168641750228,0.3781818181818182,0.40232499839323055,0.6201743462017435,0.43694981393403065,0.95,4449,3
dcwt_cosine_barycentric_weight,label_masked_all_reviews,l2-a03,D,paired_local_policy_replay,0.21927710843373494,0.23190954773869346,0.23338008415147266,0.3855421686746988,0.4043180978110778,0.6209476309226932,0.40864979074952906,0.95,6098,4
dcwt_cosine_barycentric_weight,label_masked_all_reviews,l2-a03,N,paired_local_policy_replay,0.22407628128724671,0.23240055213954072,0.23338008415147266,0.3909415971394517,0.40257758744870786,0.6201743462017435,0.40864979074952906,0.95,6107,4
dcwt_kernel_ridge,label_masked_all_reviews,l2-a04,D,paired_local_policy_replay,0.029411764705882353,0.2084516739822704,0.2231951560316721,0.04756511891279728,0.0732993252082509,0.6363636363636364,0.19838019295826848,0.923631928097,9737,24
dcwt_kernel_ridge,label_masked_all_reviews,l2-a04,N,paired_local_policy_replay,0.026948989412897015,0.20587735688805844,0.2231951560316721,0.04247104247104247,0.06507699068275657,0.6363636363636364,0.19838019295826848,0.923631928097,9890,26
dcwt_mean_seen_weight,label_masked_all_reviews,l2-a04,D,paired_local_policy_replay,0.025247971145175834,0.17548898919436465,0.18781913712721082,0.04093023255813953,0.06849572157722092,0.6086956521739131,7.714208518193167e-05,0.396560720292,12356,408
dcwt_mean_seen_weight,label_masked_all_reviews,l2-a04,N,paired_local_policy_replay,0.025134649910233394,0.17542900116223423,0.18781913712721082,0.04093023255813953,0.06849572157722092,0.5714285714285714,7.714208518193167e-05,0.396560720292,12356,413
dcwt_nearest_description_weight,label_masked_all_reviews,l2-a04,D,paired_local_policy_replay,0.025896414342629483,0.213521178300247,0.23249722977737483,0.042,0.02131137381838341,0.6363636363636364,0.2631022875487723,0.915037127058,9041,32
dcwt_nearest_description_weight,label_masked_all_reviews,l2-a04,N,paired_local_policy_replay,0.025896414342629483,0.213521178300247,0.23249722977737483,0.042,0.02131137381838341,0.6363636363636364,0.2631022875487723,0.915037127058,9041,32
dcwt_cosine_barycentric_weight,label_masked_all_reviews,l2-a04,D,paired_local_policy_replay,0.030735455543358946,0.20519305344798516,0.2197059629257602,0.048458149779735685,0.07174591143622204,0.6363636363636364,0.17818323619569879,0.915037127058,9968,36
dcwt_cosine_barycentric_weight,label_masked_all_reviews,l2-a04,N,paired_local_policy_replay,0.028455284552845527,0.20393799748638458,0.2197059629257602,0.04485219164118247,0.07682220191592909,0.6363636363636364,0.17818323619569879,0.915037127058,10041,36
dcwt_kernel_ridge,label_masked_all_reviews,l2-a05,D,paired_local_policy_replay,0.13835198372329605,0.23147521978552796,0.2412467976088813,0.18144750254842,0.10557034494323775,0.7932489451476793,0.1442951354084199,0.913488106817,8458,35
dcwt_kernel_ridge,label_masked_all_reviews,l2-a05,N,paired_local_policy_replay,0.142578125,0.2315242494226328,0.2412467976088813,0.18235294117647058,0.1015649637724676,0.7932489451476793,0.1442951354084199,0.913488106817,8497,37
dcwt_mean_seen_weight,label_masked_all_reviews,l2-a05,D,paired_local_policy_replay,0.1588089330024814,0.17538838920686836,0.176876809979951,0.20153714773697695,0.09913466307907648,0.7966804979253111,4.828588900580043e-05,0.392115176014,12352,466
dcwt_mean_seen_weight,label_masked_all_reviews,l2-a05,N,paired_local_policy_replay,0.15867768595041323,0.1753764393268379,0.176876809979951,0.20153714773697695,0.09913466307907648,0.8,4.828588900580043e-05,0.392115176014,12352,467
dcwt_nearest_description_weight,label_masked_all_reviews,l2-a05,D,paired_local_policy_replay,0.16898608349900596,0.23111709804676225,0.23777564717162034,0.21756487025948104,0.14857612491033007,0.7932489451476793,0.19674733352774418,0.90297819218,8494,41
dcwt_nearest_description_weight,label_masked_all_reviews,l2-a05,N,paired_local_policy_replay,0.1691542288557214,0.23113933795227098,0.23777564717162034,0.21756487025948104,0.14857612491033007,0.7932489451476793,0.19674733352774418,0.90297819218,8494,40
dcwt_cosine_barycentric_weight,label_masked_all_reviews,l2-a05,D,paired_local_policy_replay,0.13620071684587814,0.2132132132132132,0.21977798146450758,0.18682634730538922,0.12194215977674017,0.7932489451476793,0.26757598550217054,0.913488106817,8761,37
dcwt_cosine_barycentric_weight,label_masked_all_reviews,l2-a05,N,paired_local_policy_replay,0.13470319634703196,0.21280972417017296,0.21977798146450758,0.18327605956471935,0.11849079658643613,0.7932489451476793,0.26757598550217054,0.913488106817,8799,38
dcwt_kernel_ridge,label_masked_all_reviews,l2-a06,D,paired_local_policy_replay,0.1841109709962169,0.24893797790994052,0.2571382995693093,0.3903061224489796,0.45342115221826657,0.6181434599156118,0.3817182641602847,0.909250527373,5181,23
dcwt_kernel_ridge,label_masked_all_reviews,l2-a06,N,paired_local_policy_replay,0.22974607013301088,0.253945885005637,0.2571382995693093,0.3960880195599022,0.45676613354915613,0.6392405063291139,0.3817182641602847,0.909250527373,5215,23
dcwt_mean_seen_weight,label_masked_all_reviews,l2-a06,D,paired_local_policy_replay,0.2121546961325967,0.21424282454665547,0.21449744004311505,0.40404040404040403,0.4245691162549503,0.6181434599156118,0.40268280970963033,0.842291830527,6422,47
dcwt_mean_seen_weight,label_masked_all_reviews,l2-a06,N,paired_local_policy_replay,0.2345132743362832,0.216670670189767,0.21449744004311505,0.40404040404040403,0.4245691162549503,0.6392405063291139,0.40268280970963033,0.842291830527,6422,46
dcwt_nearest_description_weight,label_masked_all_reviews,l2-a06,D,paired_local_policy_replay,0.31254932912391475,0.2011910215300046,0.1865671641791045,0.5682362330407024,0.48857467797769666,0.6181434599156118,0.2502951752265524,0.909250527373,9007,50
dcwt_nearest_description_weight,label_masked_all_reviews,l2-a06,N,paired_local_policy_replay,0.35043409629044986,0.20558863948694459,0.1865671641791045,0.5682362330407024,0.48857467797769666,0.6392405063291139,0.2502951752265524,0.909250527373,9007,50
dcwt_cosine_barycentric_weight,label_masked_all_reviews,l2-a06,D,paired_local_policy_replay,0.25569176882662,0.1940700808625337,0.1867526255589061,0.4942426926483614,0.4304026994026722,0.6181434599156118,0.25259032688664074,0.909250527373,8853,48
dcwt_cosine_barycentric_weight,label_masked_all_reviews,l2-a06,N,paired_local_policy_replay,0.29043478260869565,0.1978266926720535,0.1867526255589061,0.49428320140721194,0.4319820346633835,0.6392405063291139,0.25259032688664074,0.909250527373,8861,48
dcwt_kernel_ridge,label_masked_all_reviews,l2-a07,D,paired_local_policy_replay,0.2669826224328594,0.20389147711701835,0.19564094618324554,0.3901639344262295,0.3014869508916672,0.7514450867052023,0.2928295817777471,0.356256167829,8525,564
dcwt_kernel_ridge,label_masked_all_reviews,l2-a07,N,paired_local_policy_replay,0.30237912509593246,0.20830298616168974,0.19564094618324554,0.42046362909672264,0.3014220626732633,0.7417974322396577,0.2928295817777471,0.356256167829,8556,570
dcwt_mean_seen_weight,label_masked_all_reviews,l2-a07,D,paired_local_policy_replay,0.2545757071547421,0.18724712736688784,0.17999282897095734,0.38169257340241797,0.30257811707218674,0.7514450867052023,0.16886162498559126,0.356256167829,9906,594
dcwt_mean_seen_weight,label_masked_all_reviews,l2-a07,N,paired_local_policy_replay,0.2535211267605634,0.1871713985278654,0.17999282897095734,0.38169257340241797,0.30257811707218674,0.7417974322396577,0.16886162498559126,0.356256167829,9906,599
dcwt_nearest_description_weight,label_masked_all_reviews,l2-a07,D,paired_local_policy_replay,0.33192923336141533,0.22324879796360894,0.20955414012738854,0.44658493870402804,0.32543905499579995,0.7514450867052023,0.19674733352774418,0.356256167829,8191,558
dcwt_nearest_description_weight,label_masked_all_reviews,l2-a07,N,paired_local_policy_replay,0.3188180404354588,0.22267887166075098,0.20955414012738854,0.43993506493506496,0.2615669231874047,0.7417974322396577,0.19674733352774418,0.356256167829,8281,567
dcwt_cosine_barycentric_weight,label_masked_all_reviews,l2-a07,D,paired_local_policy_replay,0.2598870056497175,0.1904370686822215,0.18256654166285557,0.3889354568315172,0.3036780815583432,0.7514450867052023,0.19268520332778266,0.356256167829,9726,588
dcwt_cosine_barycentric_weight,label_masked_all_reviews,l2-a07,N,paired_local_policy_replay,0.2679425837320574,0.19135144005907934,0.18256654166285557,0.39733998337489607,0.3038639569467315,0.7417974322396577,0.19268520332778266,0.356256167829,9736,593
dcwt_kernel_ridge,label_masked_all_reviews,l2-a08,D,paired_local_policy_replay,0.21010638297872342,0.2045034447991934,0.2041255605381166,0.322237017310253,0.46061753577756465,0.6613545816733067,0.16721709847095484,0.947147341293,10030,14
dcwt_kernel_ridge,label_masked_all_reviews,l2-a08,N,paired_local_policy_replay,0.21023513139695713,0.2044975995957214,0.2041255605381166,0.3268698060941828,0.43775920709559735,0.6613545816733067,0.16721709847095484,0.947147341293,10001,14
dcwt_mean_seen_weight,label_masked_all_reviews,l2-a08,D,paired_local_policy_replay,0.1423728813559322,0.1770700636942675,0.18023166023166023,0.2127659574468085,0.3131209028079555,0.6666666666666666,0.001131629478036073,0.914858505159,12226,46
dcwt_mean_seen_weight,label_masked_all_reviews,l2-a08,N,paired_local_policy_replay,0.1423728813559322,0.1770700636942675,0.18023166023166023,0.2127659574468085,0.3131209028079555,0.6666666666666666,0.001131629478036073,0.914858505159,12226,46
dcwt_nearest_description_weight,label_masked_all_reviews,l2-a08,D,paired_local_policy_replay,0.2673992673992674,0.23698277568798257,0.23524487233151947,0.40441176470588236,0.6095364990492177,0.6666666666666666,0.19088507243558317,0.923866433669,8230,14
dcwt_nearest_description_weight,label_masked_all_reviews,l2-a08,N,paired_local_policy_replay,0.2673992673992674,0.23698277568798257,0.23524487233151947,0.40441176470588236,0.6095364990492177,0.6666666666666666,0.19088507243558317,0.923866433669,8230,14
dcwt_cosine_barycentric_weight,label_masked_all_reviews,l2-a08,D,paired_local_policy_replay,0.16342412451361868,0.18770714070503164,0.189745264532985,0.244140625,0.40845657717465433,0.6666666666666666,0.05363996762789195,0.914858505159,11377,41
dcwt_cosine_barycentric_weight,label_masked_all_reviews,l2-a08,N,paired_local_policy_replay,0.16600790513833993,0.18793363499245852,0.189745264532985,0.24801587301587302,0.4066952440765716,0.6666666666666666,0.05363996762789195,0.914858505159,11361,41
dcwt_kernel_ridge,label_masked_all_reviews,l2-a09,D,paired_local_policy_replay,0.021321961620469083,0.21953771520974033,0.22879330943847073,0.047109207708779445,0.12488166117391039,0.46153846153846156,0.2822337184607901,0.91538351065,8629,26
dcwt_kernel_ridge,label_masked_all_reviews,l2-a09,N,paired_local_policy_replay,0.02079002079002079,0.2192874109263658,0.22879330943847073,0.04592901878914405,0.12537224663304056,0.46153846153846156,0.2822337184607901,0.91538351065,8641,26
dcwt_mean_seen_weight,label_masked_all_reviews,l2-a09,D,paired_local_policy_replay,0.0108499095840868,0.17386601771107957,0.18703879593775116,0.024299065420560748,0.12277047772372952,0.46153846153846156,0.0015178805171536937,0.395307281469,12518,417
dcwt_mean_seen_weight,label_masked_all_reviews,l2-a09,N,paired_local_policy_replay,0.010869565217391304,0.17388952741532013,0.18703879593775116,0.024299065420560748,0.12277047772372952,0.4444444444444444,0.0015178805171536937,0.395307281469,12518,415
dcwt_nearest_description_weight,label_masked_all_reviews,l2-a09,D,paired_local_policy_replay,0.023310023310023312,0.23680596429272122,0.2461853558627752,0.051643192488262914,0.10706149288407586,0.46153846153846156,0.1978682961545403,0.900057659355,8297,39
dcwt_nearest_description_weight,label_masked_all_reviews,l2-a09,N,paired_local_policy_replay,0.0213903743315508,0.23397249661049777,0.2461853558627752,0.0466786355475763,0.048968995713986205,0.46153846153846156,0.1978682961545403,0.900057659355,8428,40
dcwt_cosine_barycentric_weight,label_masked_all_reviews,l2-a09,D,paired_local_policy_replay,0.012917115177610334,0.18653314401016366,0.19948602634115,0.028077753779697623,0.12745373474425098,0.46153846153846156,0.06513142883393952,0.910921519273,11473,50
dcwt_cosine_barycentric_weight,label_masked_all_reviews,l2-a09,N,paired_local_policy_replay,0.01293103448275862,0.18654708520179372,0.19948602634115,0.02813852813852814,0.12488499123505889,0.46153846153846156,0.06513142883393952,0.910921519273,11471,51
dcwt_kernel_ridge,label_masked_all_reviews,l2-a10,D,paired_local_policy_replay,0.03460207612456748,0.20709556951281616,0.21599428775437343,0.059027777777777776,0.2656029619288712,0.5555555555555556,0.19408379485885893,0.910281122814,9881,43
dcwt_kernel_ridge,label_masked_all_reviews,l2-a10,N,paired_local_policy_replay,0.03418803418803419,0.20697260157774197,0.21599428775437343,0.058419243986254296,0.25917581745448776,0.5555555555555556,0.19408379485885893,0.910281122814,9887,44
dcwt_mean_seen_weight,label_masked_all_reviews,l2-a10,D,paired_local_policy_replay,0.01863932898415657,0.17689657596850172,0.18980988593155892,0.03367633302151544,0.21547124749489857,0.5555555555555556,0.0002673813507485612,0.910281122814,12309,56
dcwt_mean_seen_weight,label_masked_all_reviews,l2-a10,N,paired_local_policy_replay,0.0186219739292365,0.17688413948256468,0.18980988593155892,0.03367633302151544,0.21547124749489857,0.5555555555555556,0.0002673813507485612,0.910281122814,12309,57
dcwt_nearest_description_weight,label_masked_all_reviews,l2-a10,D,paired_local_policy_replay,0.044009779951100246,0.23689358372456965,0.24493122771268466,0.07371007371007371,0.21700543731408717,0.5555555555555556,0.19146212642995064,0.910281122814,8335,31
dcwt_nearest_description_weight,label_masked_all_reviews,l2-a10,N,paired_local_policy_replay,0.04390243902439024,0.23687041564792177,0.24493122771268466,0.07371007371007371,0.21700543731408717,0.5555555555555556,0.19146212642995064,0.910281122814,8335,32
dcwt_cosine_barycentric_weight,label_masked_all_reviews,l2-a10,D,paired_local_policy_replay,0.018604651162790697,0.1756002233389168,0.18833471666792426,0.03361344537815126,0.20212061962797662,0.5555555555555556,0.000390435116597049,0.910281122814,12414,56
dcwt_cosine_barycentric_weight,label_masked_all_reviews,l2-a10,N,paired_local_policy_replay,0.01858736059479554,0.17558796845557958,0.18833471666792426,0.03361344537815126,0.20216326888739977,0.5555555555555556,0.000390435116597049,0.910281122814,12414,57
dcwt_kernel_ridge,label_masked_all_reviews,l2-a11,D,paired_local_policy_replay,0.05942622950819672,0.2116101544470087,0.226044703595724,0.09259259259259259,0.08011179107377894,0.6470588235294118,0.22449491631981996,0.908640071266,9368,40
dcwt_kernel_ridge,label_masked_all_reviews,l2-a11,N,paired_local_policy_replay,0.059230009871668314,0.2110943997168893,0.226044703595724,0.09325396825396826,0.07811087733129199,0.6470588235294118,0.22449491631981996,0.908640071266,9404,41
dcwt_mean_seen_weight,label_masked_all_reviews,l2-a11,D,paired_local_policy_replay,0.05719237435008666,0.17592150984533625,0.18605339051985506,0.09239130434782608,0.06820147246568109,0.6055045871559633,6.397224661115189e-05,0.378576523759,12326,493
dcwt_mean_seen_weight,label_masked_all_reviews,l2-a11,N,paired_local_policy_replay,0.058823529411764705,0.17603378976769535,0.18605339051985506,0.09239130434782608,0.06820147246568109,0.6181818181818182,6.397224661115189e-05,0.378576523759,12326,495
dcwt_nearest_description_weight,label_masked_all_reviews,l2-a11,D,paired_local_policy_replay,0.059063136456211814,0.21832175708654028,0.23449131513647642,0.09211873080859775,0.08041614301098485,0.6470588235294118,0.26737096684142536,0.908640071266,8757,39
dcwt_nearest_description_weight,label_masked_all_reviews,l2-a11,N,paired_local_policy_replay,0.059063136456211814,0.21832175708654028,0.23449131513647642,0.09211873080859775,0.08041614301098485,0.6470588235294118,0.26737096684142536,0.908640071266,8757,39
dcwt_cosine_barycentric_weight,label_masked_all_reviews,l2-a11,D,paired_local_policy_replay,0.061375661375661375,0.20828686626061593,0.2212471994025392,0.09564293304994687,0.0802855385778578,0.6470588235294118,0.18936627679665174,0.908640071266,9757,42
dcwt_cosine_barycentric_weight,label_masked_all_reviews,l2-a11,N,paired_local_policy_replay,0.060228452751817235,0.20796573875802998,0.2212471994025392,0.09384775808133472,0.08028014843626115,0.6470588235294118,0.18936627679665174,0.908640071266,9775,42
dcwt_kernel_ridge,label_masked_all_reviews,l2-a12,D,paired_local_policy_replay,0.1504028648164727,0.20914354852648864,0.215419934953128,0.22600896860986547,0.16211616297796477,0.671875,0.20388232070673537,0.92,9690,23
dcwt_kernel_ridge,label_masked_all_reviews,l2-a12,N,paired_local_policy_replay,0.14834205933682373,0.20879310344827587,0.215419934953128,0.2222222222222222,0.15067418635894153,0.671875,0.20388232070673537,0.92,9718,24
dcwt_mean_seen_weight,label_masked_all_reviews,l2-a12,D,paired_local_policy_replay,0.14502529510961215,0.1750366696933715,0.17774731551290837,0.21676545300592717,0.13992523935525528,0.671875,2.8065405744018424e-05,0.895778078468,12390,69
dcwt_mean_seen_weight,label_masked_all_reviews,l2-a12,N,paired_local_policy_replay,0.14490311710193765,0.17502444475485404,0.17774731551290837,0.21676545300592717,0.13992523935525528,0.671875,2.8065405744018424e-05,0.895778078468,12390,70
dcwt_nearest_description_weight,label_masked_all_reviews,l2-a12,D,paired_local_policy_replay,0.14962121212121213,0.23589844907636076,0.2459468401896989,0.2300380228136882,0.14764692077042607,0.671875,0.20672796693666795,0.895676160146,8225,40
dcwt_nearest_description_weight,label_masked_all_reviews,l2-a12,N,paired_local_policy_replay,0.14962121212121213,0.23589844907636076,0.2459468401896989,0.2300380228136882,0.14764692077042607,0.671875,0.20672796693666795,0.895676160146,8225,40
dcwt_cosine_barycentric_weight,label_masked_all_reviews,l2-a12,D,paired_local_policy_replay,0.1575984990619137,0.2068613262960756,0.21177792341541055,0.23661971830985915,0.1794815794582374,0.671875,0.18173450228307464,0.92,9866,23
dcwt_cosine_barycentric_weight,label_masked_all_reviews,l2-a12,N,paired_local_policy_replay,0.15512465373961218,0.20656239374362462,0.21177792341541055,0.23290203327171904,0.17679144743176764,0.671875,0.18173450228307464,0.92,9883,23
